-- phpMyAdmin SQL Dump
-- version 5.0.2
-- https://www.phpmyadmin.net/
--
-- Hôte : 127.0.0.1:3306
-- Généré le : ven. 15 oct. 2021 à 14:26
-- Version du serveur :  8.0.26
-- Version de PHP : 7.2.34

SET SQL_MODE = "NO_AUTO_VALUE_ON_ZERO";
START TRANSACTION;
SET time_zone = "+00:00";


/*!40101 SET @OLD_CHARACTER_SET_CLIENT=@@CHARACTER_SET_CLIENT */;
/*!40101 SET @OLD_CHARACTER_SET_RESULTS=@@CHARACTER_SET_RESULTS */;
/*!40101 SET @OLD_COLLATION_CONNECTION=@@COLLATION_CONNECTION */;
/*!40101 SET NAMES utf8mb4 */;

--
-- Base de données : `portfolio`
--

-- --------------------------------------------------------

--
-- Structure de la table `commentaires`
--

DROP TABLE IF EXISTS `commentaires`;
CREATE TABLE IF NOT EXISTS `commentaires` (
  `id` int NOT NULL AUTO_INCREMENT,
  `user` int UNSIGNED NOT NULL,
  `projet` int NOT NULL,
  `comment` text NOT NULL,
  PRIMARY KEY (`id`),
  KEY `user` (`user`),
  KEY `projet` (`projet`)
) ENGINE=InnoDB AUTO_INCREMENT=301 DEFAULT CHARSET=utf8mb4 COLLATE=utf8mb4_0900_ai_ci;

--
-- Déchargement des données de la table `commentaires`
--

INSERT INTO `commentaires` (`id`, `user`, `projet`, `comment`) VALUES
(1, 48, 82, 'Soluta dicta iure autem in. Dignissimos sed sapiente tempore. Rerum facilis perspiciatis fuga exercitationem voluptatem quidem.'),
(2, 174, 23, 'Vel vero et magni autem. Sed id qui debitis possimus dolorum non iusto. Tempore et voluptatibus qui sit et id repellendus eveniet.'),
(3, 136, 15, 'Adipisci maxime eaque sunt fuga id alias. Facilis vel odio beatae aliquam atque. Perferendis asperiores sequi natus aut labore veritatis.'),
(4, 128, 261, 'Non praesentium quas reiciendis ducimus. Molestiae enim debitis id et. Nostrum molestiae voluptatum corrupti et. Et corporis sed reprehenderit.'),
(5, 149, 126, 'Ex omnis reprehenderit totam adipisci magni fuga. Molestiae et et non dolorem corrupti voluptatem fugiat. Repellat sequi minima sed porro harum voluptas quos. Sit ut dolore provident dolor.'),
(6, 39, 270, 'Qui odit quis aperiam cum eum sequi quis accusamus. Eum porro totam eum sit. Deleniti aliquam quasi quibusdam iusto quo.'),
(7, 200, 287, 'Neque maxime modi incidunt est sequi. Iusto magnam et voluptatem non voluptatum. Omnis quaerat voluptas aut laudantium. Dolorum soluta dolore fugiat veniam.'),
(8, 155, 108, 'Explicabo consequatur id rerum assumenda. Distinctio aut exercitationem doloribus aperiam ullam beatae. Voluptatibus id iure id suscipit voluptatem dolores rerum eaque. Nam mollitia et ea.'),
(9, 170, 194, 'Ipsa ea eveniet earum pariatur tenetur vel voluptas. Vel ex quae omnis rem. Sint veritatis iure eveniet dolor quia sit.'),
(10, 108, 294, 'Nulla eos est iste minima ut ut. Enim omnis est amet in natus nam autem quia. Rerum accusamus hic asperiores id facere.'),
(11, 144, 276, 'Nihil sunt dolore soluta quo id ad. Ut dignissimos quasi quia sint. Occaecati dignissimos ratione deserunt fugiat dolore nemo assumenda.'),
(12, 48, 156, 'Voluptatum illo est ut autem odio nihil. Non est quas consequatur consectetur officia. Aspernatur id ad amet.'),
(13, 160, 50, 'Non id cupiditate accusantium est. Assumenda voluptate odio qui. Doloremque vitae consequatur consequatur ad voluptatibus dolores accusamus.'),
(14, 150, 294, 'Fuga dolorem sed accusantium sequi nobis facere saepe aut. Exercitationem cumque temporibus provident quas. Voluptas accusamus adipisci natus praesentium fugiat enim qui.'),
(15, 19, 104, 'Sed perspiciatis nihil et ea velit. Occaecati ratione in voluptatem et est. Quam non nam asperiores et sed debitis excepturi.'),
(16, 19, 178, 'Est tempore rerum mollitia id fuga voluptas consequatur aut. Eos rerum corporis quos fugit explicabo veniam.'),
(17, 149, 31, 'Veniam et unde hic exercitationem nemo unde tenetur. Velit omnis enim enim. Ut repudiandae magnam omnis explicabo pariatur.'),
(18, 209, 169, 'Sit iusto explicabo accusantium hic. Dolor ea cupiditate quas mollitia assumenda quisquam reprehenderit. Ad dolore necessitatibus quia quam. Debitis molestiae et ex possimus ut ad eos.'),
(19, 130, 226, 'Est illo ullam quia mollitia. Enim ipsa corporis amet consequatur et incidunt non. Deleniti odio optio expedita dolore eaque iure. Quod aperiam exercitationem occaecati.'),
(20, 167, 118, 'Deleniti voluptas vero et repellendus dolorem aut quis accusantium. Similique est eos ducimus dolorem pariatur laboriosam est.'),
(21, 160, 143, 'Unde sit eos natus reiciendis. In ab illo numquam et non. Eum quas et magnam. In sequi expedita sunt aut dolor et expedita optio.'),
(22, 29, 142, 'Hic quo maxime magnam sint. Dolorem inventore sequi quia et totam architecto. Eos sed corporis quo vero. Magnam autem recusandae magni voluptas sit et quasi.'),
(23, 186, 91, 'Ipsum impedit temporibus non quam. Sit perspiciatis quo repellendus at recusandae aut repellendus. Fugit qui hic eveniet ut est maiores. Omnis quo expedita aut totam nesciunt quia. Et ut impedit sed.'),
(24, 158, 147, 'Eligendi id dignissimos ut est fugiat hic aliquid voluptate. Est consequuntur voluptate voluptatum ut quia ex. Eum dignissimos odio quam consequatur mollitia.'),
(25, 204, 259, 'Reprehenderit dolorum recusandae et. Iure est cupiditate est eligendi tempora laborum. Ut ratione non optio possimus sed odit. Consequatur quis sit corrupti.'),
(26, 153, 118, 'Adipisci et ex aliquid enim non esse. Quia iusto vel ipsum facere maxime ratione ut. Explicabo ea fuga possimus. Culpa tempore id magnam eligendi et id quidem.'),
(27, 201, 66, 'Illum neque aut qui optio rerum. Odio enim quidem tempora non veritatis porro. Minima mollitia aut commodi. Ipsum reprehenderit aperiam dolorem alias ratione minima iste.'),
(28, 207, 137, 'Asperiores est hic officiis reprehenderit illum quibusdam. Voluptatum tempora saepe recusandae consectetur.'),
(29, 100, 123, 'Officia error occaecati natus corrupti ex nisi. Qui iure nisi repellat minima quisquam quibusdam voluptatum. Praesentium iusto eum quod rerum.'),
(30, 56, 224, 'Consectetur quo vel et voluptatem. Aut voluptas animi sed sed est consequuntur consequatur assumenda. Sint libero omnis aut vel vero. Ea ut porro itaque exercitationem hic quaerat.'),
(31, 86, 273, 'Doloribus velit quas libero natus. Provident officiis voluptatem error alias est qui veniam.'),
(32, 31, 42, 'Autem repellat ut praesentium. Saepe tempora harum provident sint. Recusandae corrupti dicta officiis. Et consequuntur corporis perferendis consectetur sunt.'),
(33, 190, 58, 'Vel dicta illum id temporibus id earum accusamus. Voluptas occaecati temporibus libero sequi qui aspernatur. Aut voluptates qui numquam est.'),
(34, 25, 174, 'Qui inventore aliquid velit quisquam numquam. Architecto quisquam id aut alias amet ipsam cumque. Architecto vero deserunt sed quas.'),
(35, 55, 136, 'Esse laborum aspernatur a fugit aliquam iste. Voluptas veritatis qui et quisquam. Atque quasi rerum facilis eveniet est.'),
(36, 110, 35, 'Iste corporis temporibus error. Est nemo consequatur sint tempora quia. Itaque esse et eligendi officia voluptatibus. Autem recusandae officiis inventore voluptas vero minus.'),
(37, 126, 192, 'Eum fugit ipsam temporibus quis quibusdam et. Molestias qui amet dolorum maiores et. Itaque at et amet exercitationem.'),
(38, 101, 175, 'Voluptas corrupti alias perspiciatis fugiat unde. Praesentium labore commodi harum nihil et cupiditate. Aut quia aut culpa totam vel culpa rerum.'),
(39, 25, 260, 'Ut repellendus atque saepe est accusamus vel. Reiciendis in beatae ipsam non odio.'),
(40, 28, 60, 'Rerum eos et eum est ut ipsa hic blanditiis. Aut numquam tempora autem earum labore maxime occaecati. Incidunt esse saepe sint.'),
(41, 134, 134, 'Sit autem illum eum repudiandae eum minus. Adipisci magnam quibusdam neque fuga suscipit incidunt. Exercitationem ullam facilis facere.'),
(42, 143, 172, 'Molestias aspernatur sed delectus pariatur quo quaerat. Eaque ut praesentium natus ipsam accusamus. Est repellat cum magnam libero eius.'),
(43, 69, 212, 'Natus aut rerum eligendi placeat. Beatae ullam qui illum. Repudiandae omnis libero veritatis voluptas aliquid sunt mollitia. Dolorem libero ab voluptatibus veniam eos et.'),
(44, 175, 55, 'Iure facilis tempora dicta cum harum voluptas. Id at ipsam non incidunt consequatur. Sint voluptatem aut deleniti qui aperiam consequatur quos.'),
(45, 96, 282, 'Ut corporis recusandae rerum voluptas. Pariatur rerum sunt dolorum dolorem. Excepturi voluptatem aut harum dolores minima.'),
(46, 45, 5, 'Velit tempora quae nesciunt magni. Nobis necessitatibus et architecto et quae. Cumque eos esse ea velit nostrum quidem officia. Perspiciatis in molestiae quia rerum at et.'),
(47, 121, 301, 'Esse quia omnis minus harum enim quos. Qui modi nam sit. Accusantium quia id veniam minima dignissimos et magnam. Ut natus quaerat minus exercitationem et ea. Molestiae corporis beatae velit rerum.'),
(48, 61, 246, 'Excepturi aut eligendi consectetur nihil. Minus necessitatibus in et ea ut consequuntur. Aliquam et alias ad cum.'),
(49, 112, 98, 'Consequatur enim esse ut ipsam. Mollitia velit consequatur qui quis harum distinctio soluta non. Consequatur ipsam et provident ratione quisquam.'),
(50, 17, 266, 'Et enim est earum. Qui sunt architecto harum quibusdam adipisci. Quasi molestiae eum omnis optio tenetur.'),
(51, 146, 3, 'Vel tempora numquam sit. Corporis est veniam illo omnis possimus. Esse quaerat voluptas non ullam architecto impedit.'),
(52, 25, 98, 'Beatae enim quidem ad qui ab ut. Natus ex voluptatem et nobis. Earum molestiae sint quaerat qui.'),
(53, 119, 41, 'Nam in magni voluptates aut debitis. Sequi et voluptatem a non sit. Deleniti maxime et omnis. Rerum nemo deserunt praesentium.'),
(54, 160, 45, 'Reiciendis dolorem consectetur sit vitae harum perspiciatis. Magnam sunt earum beatae non vel. Dolorum voluptas earum a.'),
(55, 180, 72, 'Vel similique perferendis perferendis voluptas odio. Nemo nobis dicta ut autem molestiae quasi nulla eum. Ex quis numquam quis deleniti perspiciatis est cumque.'),
(56, 90, 227, 'Quia quaerat unde ipsam alias sunt. Voluptas cum est culpa quis. Autem et autem quis nobis officiis.'),
(57, 204, 15, 'In vel enim molestiae cum repudiandae qui adipisci. Sed numquam nisi soluta ullam aliquid commodi. Facilis ipsam magnam quaerat facere ut ex.'),
(58, 72, 151, 'Aut optio dolores quaerat non necessitatibus quis sint dolore. Inventore quidem perferendis sed et. Ut expedita unde minus autem.'),
(59, 46, 125, 'Aut explicabo ipsa consequatur earum tenetur sunt voluptates ipsum. Iusto est laboriosam in quia. Aperiam ex non voluptas dolorem totam excepturi ex in.'),
(60, 92, 78, 'Voluptatem ea vitae autem modi qui tempore. Perspiciatis soluta itaque non et et. Ullam et rerum non ratione recusandae.'),
(61, 178, 147, 'Tempora deleniti quia dolores eos sunt qui sunt maxime. Non aliquid non officiis minima fuga excepturi ut. A labore reiciendis error cum porro.'),
(62, 29, 7, 'Velit ut possimus dicta sunt. Quia vitae amet facilis quia quae consectetur. Rem architecto illum natus rerum perferendis dolorem ea. Dolores praesentium numquam exercitationem.'),
(63, 53, 80, 'Delectus labore alias officia. Eos ipsum est atque error error aut dignissimos. Quos cumque et nihil ducimus culpa qui provident. Veniam porro blanditiis laboriosam ipsa qui laborum.'),
(64, 40, 183, 'Voluptas est quis totam cum dicta. Et rem non et nihil praesentium. Deleniti rerum est veniam.'),
(65, 124, 141, 'Commodi corporis eum quibusdam iure. Illum quibusdam ut aperiam provident sit.'),
(66, 147, 178, 'Eum et quas ducimus molestiae qui aut. A pariatur non sunt officiis ut expedita. Quae at modi iure error sed.'),
(67, 75, 59, 'Quo iusto debitis soluta saepe numquam corporis. Eos corporis vel dolores illo. Omnis quo ducimus laudantium.'),
(68, 208, 275, 'Ut et cum assumenda et. Consequuntur placeat qui non ratione est. Quia et harum repudiandae ratione recusandae harum omnis.'),
(69, 73, 204, 'Non sint modi commodi ipsam similique minima consequatur aut. Quas ut odit consequuntur autem omnis blanditiis repudiandae. Iure et qui odio deleniti ut.'),
(70, 112, 25, 'Voluptas velit quo ut temporibus perspiciatis. Placeat perferendis perspiciatis omnis ab tempore odio similique corporis. Dolorem qui minus eveniet.'),
(71, 157, 153, 'Rem at doloribus voluptatem libero est. Aliquid nihil consequuntur consequatur fugit. Temporibus omnis explicabo quia molestiae rem.'),
(72, 65, 93, 'Quo non et maxime corporis nostrum quas. Dolor deleniti ut labore asperiores adipisci. Tempore provident dicta provident recusandae quis asperiores. Ratione ducimus sed et corporis deserunt.'),
(73, 102, 192, 'Maxime atque in velit sint. Dolor fugiat possimus possimus reiciendis et quos. At ea odio cumque voluptatem.'),
(74, 31, 66, 'Est ut tempora laudantium et. Cum et quae et aliquam consequatur odio sit. Voluptates saepe itaque qui ex est. Modi cupiditate quis non molestiae voluptatum.'),
(75, 111, 33, 'Dolores assumenda fugit corporis nihil cum. Eos quam aut quam qui distinctio quidem ullam.'),
(76, 31, 68, 'Ut rerum sit quia. Sit totam doloremque eum ab occaecati fuga sed. Facilis dolorem accusantium sed nobis sint voluptatibus explicabo. Enim et molestias et delectus est cum.'),
(77, 93, 16, 'Doloremque similique mollitia ut qui id. Illum quod non dignissimos a quia aliquid. Explicabo necessitatibus quos modi rem suscipit enim sequi. Aut molestiae quisquam eos autem dolorem.'),
(78, 132, 208, 'Et dolores corrupti culpa ea. Rerum dolores nesciunt incidunt sit enim velit. Magnam et molestias et. Ut qui aut ea sapiente quo quia assumenda enim.'),
(79, 104, 6, 'Maxime error et magnam quas in. Minus similique iusto eos nulla. Modi nobis reprehenderit et. Quo optio est nam temporibus quis.'),
(80, 171, 125, 'Perferendis dolorum asperiores et illo atque. Dolore corrupti quia consequatur. Sunt itaque soluta magni veniam et explicabo ut.'),
(81, 157, 9, 'Nisi vero iste eveniet aut laboriosam. Ut doloribus amet non et aut dolorem voluptate. Dicta sunt sit architecto sequi est. Optio omnis deserunt ut sequi dolor quia adipisci similique.'),
(82, 84, 189, 'Aliquam at vel dolorem eius porro in saepe. Delectus similique ut soluta magnam. Est ut quisquam laudantium est tempore ut.'),
(83, 161, 185, 'Ullam consectetur velit doloremque tempore est. Sit sit velit recusandae vel omnis architecto qui.'),
(84, 75, 205, 'Corporis sit rerum ut inventore. Ab accusantium est voluptas quia earum. Aliquid dolorem iste quas ipsum est. Beatae repellat modi eum quos ea dolor.'),
(85, 155, 231, 'Quidem vero eos et voluptatem exercitationem explicabo repellendus. Nulla saepe quod esse dolor dolor placeat. Sunt et cumque in omnis.'),
(86, 38, 124, 'Quo perferendis provident quis ullam aliquam est corporis aut. Aut consectetur nulla aut molestiae hic perspiciatis. Esse optio omnis officiis provident aut.'),
(87, 164, 291, 'Ut qui exercitationem doloremque laboriosam voluptates explicabo laborum. Qui expedita doloremque tempore et voluptas id perspiciatis. Et neque fugit nihil et asperiores.'),
(88, 76, 212, 'Quaerat quidem aut est autem fugit et. Explicabo ut sed quia cupiditate. Officia optio ducimus amet quas quo. Culpa dolore possimus officia enim harum illo autem voluptatum. Ut illo quae ducimus.'),
(89, 61, 156, 'Sit est est ut reiciendis debitis corrupti ut. Dolorem est tempora sit repellendus autem accusamus consequatur. Harum ab repellendus ipsum aut laboriosam molestiae.'),
(90, 128, 23, 'Aut culpa non illum animi. Nobis officiis aperiam eius nihil sed. Est quas rem illum enim placeat et in eos.'),
(91, 15, 225, 'Dolores nisi dolore explicabo vitae eum qui voluptatem. Nulla quidem repudiandae aut. Error debitis sit minima quod consequuntur vel voluptatem quia.'),
(92, 119, 78, 'Alias qui assumenda sequi similique ut. Dignissimos earum suscipit iusto ex porro suscipit corrupti nulla. Esse nulla illo esse impedit fuga. Enim dolore sunt error non consequatur non repellendus.'),
(93, 33, 147, 'Et cum corporis minus architecto nostrum ullam exercitationem quo. Aut quas qui facere quam sed velit. Unde voluptas odio voluptatem quos autem et.'),
(94, 89, 134, 'Rerum temporibus qui assumenda et veniam. Est quam odit consequatur ut qui exercitationem. Eos quidem placeat error ut.'),
(95, 165, 140, 'Ea assumenda ut et qui impedit deserunt saepe aut. Temporibus incidunt ut consequatur ducimus. Placeat non aut laborum dignissimos amet qui ducimus quam.'),
(96, 174, 183, 'Corrupti maxime est ut sit fugiat et voluptatem. Et consequuntur repudiandae qui unde fugit sit aut. Qui sed dolorem voluptatem qui qui. Quo itaque quia ab odit eius laudantium sunt.'),
(97, 207, 77, 'Voluptatum aut vitae fuga a et consequatur non. Accusamus et ut voluptatibus officia sit voluptatum. Omnis mollitia aut a esse voluptates sed praesentium.'),
(98, 48, 299, 'Architecto est cum eaque et. Perspiciatis quod adipisci ea. Error dolores tempora beatae et iste ipsa.'),
(99, 35, 284, 'Tempore dolorem ut laudantium nam sint officiis. Non dolorem similique maxime quam numquam eligendi et. Rem provident tempora recusandae aperiam hic debitis eos.'),
(100, 152, 33, 'Et magni ducimus consequatur reprehenderit quae. Unde eveniet enim culpa error enim. Nobis est voluptatibus ut asperiores consequatur eum.'),
(101, 113, 202, 'Vero blanditiis vel saepe esse. Et et facilis suscipit consectetur sequi iste ad. Laborum eos deserunt doloribus reprehenderit qui incidunt odit.'),
(102, 153, 114, 'Magni dolorem voluptatem repellat voluptatem. Amet assumenda ab voluptates. Asperiores odio sit odit qui.'),
(103, 50, 92, 'Natus aperiam et voluptas. Vel ipsam excepturi exercitationem ea cupiditate. Qui blanditiis delectus quaerat id facere. Modi adipisci quo ut illo. Beatae tempora animi consequatur aliquid.'),
(104, 159, 148, 'Harum quis veniam sint et autem deserunt. Atque enim fugit asperiores sed sit. Aut eum labore qui neque est. Eveniet quis id et porro tenetur.'),
(105, 64, 11, 'Labore cumque sit sit officia. Doloremque nihil expedita aut illum ut commodi. Dolores atque incidunt modi ipsam magni quae neque quis.'),
(106, 86, 57, 'Distinctio maiores autem id recusandae omnis ut quis reiciendis. Sapiente quibusdam assumenda aut pariatur aspernatur tempore culpa. Nisi fuga autem temporibus sed quaerat.'),
(107, 177, 107, 'Qui dignissimos mollitia et. Itaque saepe qui odit fuga in quidem id. Tempore earum unde sint aut commodi. Tempore rem aut et illo quos.'),
(108, 38, 213, 'Enim dolorem maiores atque eaque velit quae. Possimus nemo exercitationem error minus tempore. Consequatur a ea eveniet.'),
(109, 178, 231, 'Ducimus omnis rem et. Minus distinctio sed praesentium officia odit sit magnam. Vel culpa molestiae cupiditate consequatur qui.'),
(110, 132, 159, 'Minima nihil et maiores et. Voluptas et nobis deleniti repudiandae molestias. Unde qui dignissimos dolorum.'),
(111, 136, 47, 'Et earum rem sint officiis rerum. Sint et itaque rem eaque non ea eveniet.'),
(112, 209, 223, 'Sunt repellendus rerum ipsa ea quia officiis. In est expedita laboriosam. Dolor delectus autem aut omnis id. Qui officia consequatur debitis rem in ea dolorem. Nihil nobis dolores molestiae rerum.'),
(113, 136, 236, 'Dicta ab fugit aut odit expedita eos. Sint tenetur maiores inventore totam molestiae aut. Voluptas dolor ipsam et. Fugiat et officia quis veniam sapiente eum nam.'),
(114, 90, 189, 'Cupiditate voluptas commodi quo neque. Libero qui quo quasi ipsam corporis ipsam corporis. Sit sint consequatur blanditiis expedita.'),
(115, 68, 114, 'Architecto ut quia quae rem. Velit aut aliquid quis reiciendis illum. Molestiae ea minima culpa. Cupiditate veniam impedit quae officia ipsa et. Deserunt autem sint eum optio nobis.'),
(116, 103, 37, 'Repudiandae accusantium velit officia voluptas velit ipsum. Distinctio nesciunt quisquam expedita quis. Veniam natus consequatur provident minima quod. Quo non voluptatem et nisi aut saepe.'),
(117, 89, 227, 'Rem quo quisquam dignissimos est error. Dolorem aliquam aut iusto quod dolorem.'),
(118, 213, 15, 'Quaerat voluptas hic et eaque occaecati ut atque. Assumenda praesentium repellat illo dolores suscipit maiores. Ut in iure aliquam illum sit. Atque aut sed vero ut.'),
(119, 27, 37, 'Magnam provident autem error error et. Officia eum non hic et aut sapiente. Est repudiandae eius ut voluptatem deleniti aut.'),
(120, 37, 213, 'Et earum eos facilis et. Molestiae unde saepe sed sint ut reiciendis. Quis corrupti unde quis unde at nulla. Nostrum eos reprehenderit recusandae laborum. Consectetur numquam qui ipsam.'),
(121, 210, 50, 'Sequi iusto dolor est quia quis. Rerum corrupti totam ut non est inventore sint. Voluptatem adipisci et voluptatem velit rerum debitis quisquam. Aut ipsa consequuntur illum assumenda nihil nam.'),
(122, 121, 105, 'Reiciendis pariatur consectetur aliquid eius. Officia aut explicabo veritatis sunt voluptatem.'),
(123, 208, 60, 'Sit pariatur ipsum sit beatae. Consequatur non aut dolores aut. Molestias at id qui fugiat consequatur amet.'),
(124, 125, 192, 'Nemo magni velit eaque modi. Molestias beatae ullam ut doloremque. Sequi consectetur qui assumenda quia. In dolores optio aperiam dolorem.'),
(125, 39, 107, 'Ea et aliquam et veritatis eligendi rem quia saepe. Ipsam at ea nulla a. Atque necessitatibus dolorem magni et. Atque debitis porro voluptates quaerat nisi quia.'),
(126, 127, 152, 'Est cumque est incidunt facere. Sit laboriosam rerum cupiditate sed illo cupiditate eligendi. Mollitia vero dolor culpa eius. Quae enim exercitationem quia est.'),
(127, 155, 182, 'Iure vel quis enim quibusdam fuga est hic. Quis corrupti porro ab quia consequuntur.'),
(128, 121, 38, 'Sit culpa aut ut vel quasi ut. Occaecati quia sit atque officiis deleniti quam optio. Accusamus nesciunt quibusdam ut nostrum est. Sit consequuntur enim dignissimos blanditiis sit qui ratione.'),
(129, 40, 248, 'Iusto sit nihil dolorum dolores. Voluptas quia consequatur natus hic nihil. Aut facere ut ad nam incidunt natus modi.'),
(130, 159, 186, 'Id quibusdam numquam quia id a iusto. Voluptates enim sed quia eum et laboriosam. Aliquam aut aut nisi voluptatum. Dolores impedit eligendi facere in.'),
(131, 27, 275, 'Reprehenderit eos non corporis. Iure rerum autem quia reiciendis. In sit minima ad ut. Saepe aut dolorem corrupti et ducimus.'),
(132, 64, 234, 'Corporis ut odit velit modi et. Dolorem dolor perferendis sit adipisci at unde numquam recusandae. Recusandae sint qui ea iste dolore et facere.'),
(133, 180, 277, 'Et ipsam laudantium aut cum harum quo quas aspernatur. Et vitae vero quia facere rerum perspiciatis. Sit quis enim dicta ut quo. Doloremque quaerat ipsam natus nisi assumenda sit adipisci.'),
(134, 112, 213, 'Voluptatem nesciunt dolorum debitis eveniet incidunt tempore. Iure reiciendis laudantium reprehenderit non nostrum odio dolores velit. Nihil id sint totam cumque. Nulla id magni dolorem fuga et.'),
(135, 156, 199, 'Et itaque aut enim dolorem aut commodi. Fugit nihil impedit ducimus voluptatem minus. Quisquam excepturi illo animi ut voluptas quis.'),
(136, 100, 150, 'Magnam ipsa nobis accusantium accusamus ipsum cumque assumenda. Molestiae quo ab reprehenderit sit vel cumque animi. Quo perferendis sed sint praesentium repudiandae debitis.'),
(137, 50, 254, 'Quasi qui molestias rerum. Aut recusandae enim dolor dicta et et ad. Et laboriosam dolorem enim soluta saepe reprehenderit animi. Modi aspernatur id eum nihil eligendi dolor.'),
(138, 30, 121, 'Doloribus non asperiores nam est. Omnis perspiciatis autem sequi amet qui. Molestias quis dolorem magni ullam et alias.'),
(139, 28, 255, 'Rem dolor placeat facilis beatae rerum. Earum neque assumenda consectetur dolorem ut laborum saepe. Consequatur aut eius nemo.'),
(140, 79, 255, 'Earum facere adipisci facere error molestiae. Natus quas et ducimus reprehenderit vitae velit assumenda. Ratione officiis necessitatibus iure explicabo soluta et sunt rerum.'),
(141, 47, 220, 'Esse corrupti excepturi beatae deserunt. Error autem asperiores laboriosam quis qui. Omnis dolore quae aut. Quibusdam cum voluptas est expedita hic. Sed quidem eum provident.'),
(142, 153, 261, 'Velit fugiat et accusamus possimus provident laudantium in. At laudantium dignissimos iste inventore. Et eveniet officiis magnam ratione corporis quo. Blanditiis saepe ut et.'),
(143, 93, 112, 'Et eaque autem ipsam et nisi alias praesentium asperiores. Suscipit debitis voluptatem reiciendis eum et.'),
(144, 32, 77, 'Et ipsam dolor voluptatem est. Ea autem voluptas quos aut architecto tempore aut. Sint dolore tempora qui. Et excepturi eos ratione neque.'),
(145, 198, 84, 'Rerum minima unde quia sequi tempora quia eaque. Et ducimus dolores deleniti natus. Aut quasi dolorem iste est.'),
(146, 80, 161, 'Voluptatem qui qui tempora aperiam deleniti iste iusto. Eos unde consequatur voluptatem earum corporis. Voluptas sed et est sapiente. Illum adipisci unde dolorem incidunt sit quibusdam et.'),
(147, 45, 195, 'Dolore optio quo non. Deleniti ad impedit accusamus eaque. Culpa dolores at est veritatis.'),
(148, 136, 62, 'Error ut repellendus doloremque tempore explicabo aliquam. Veniam quos recusandae inventore. Nisi laborum dolorem voluptas tempora ad minus saepe voluptas.'),
(149, 28, 78, 'Sapiente sed odit earum eius. Est odio omnis ea. Sint velit inventore dolor ex quia sit. Assumenda aut eligendi laboriosam.'),
(150, 120, 226, 'Ut quisquam placeat facilis excepturi est cumque saepe. Quidem possimus aliquam numquam molestias quia. Est sit suscipit et assumenda. Vel quisquam officiis sint neque mollitia eveniet veniam.'),
(151, 62, 81, 'Velit excepturi sapiente illo eius. Ullam ut adipisci labore odio ab maxime modi. Eaque molestiae repellendus velit tempora ut cumque modi qui.'),
(152, 74, 110, 'Distinctio aliquid quasi quis dolores. Eius explicabo tempora impedit vel sit ipsa laboriosam dolorem. Dignissimos laboriosam excepturi molestiae amet nemo asperiores ratione.'),
(153, 79, 113, 'Modi molestias quo et. Debitis dignissimos dolor atque id aut. Debitis maiores nulla quibusdam ipsum.'),
(154, 183, 104, 'Accusamus dicta doloribus nihil voluptatem voluptatibus eum. In similique culpa et id. Ea saepe commodi possimus quo necessitatibus quia blanditiis.'),
(155, 159, 235, 'Enim cumque itaque ullam magni a quis. Eos autem velit accusamus aperiam voluptas hic atque. Nihil magnam tempora sed et. Sapiente qui maxime fugit harum et.'),
(156, 55, 9, 'Vitae ullam odit perspiciatis inventore sed. Doloribus laudantium omnis sapiente amet deserunt.'),
(157, 27, 214, 'Explicabo exercitationem similique quo illum. Placeat cumque consectetur nisi rerum at nulla. Quibusdam nihil architecto pariatur consequatur.'),
(158, 171, 256, 'Voluptas blanditiis impedit eos. Ipsam nesciunt quo molestias accusantium voluptas natus. Est omnis ipsa labore sit. Ipsa et animi rerum aut excepturi magnam numquam.'),
(159, 37, 232, 'Corrupti voluptas deserunt exercitationem ad reprehenderit consequatur. Qui eligendi deleniti et suscipit non non repellendus laborum. Labore magni cupiditate earum aut id.'),
(160, 29, 18, 'Qui amet qui error et quos inventore illum atque. Nihil facilis aut dolorem quod et enim et pariatur. Explicabo amet ipsam minus vero dolor.'),
(161, 104, 33, 'Aut occaecati ea maiores est dolorem sit. Ut id impedit perferendis. Vero eos libero distinctio quaerat doloremque accusantium est. Error est cum illo non.'),
(162, 15, 98, 'Ut labore consequatur dolore ad voluptas inventore. Deserunt voluptas deleniti nam deserunt. Id assumenda recusandae nam aperiam voluptas.'),
(163, 100, 200, 'Incidunt non impedit nam. Dolores quam placeat at molestiae ducimus. Odio sed ut unde sed beatae. Soluta recusandae ab suscipit adipisci.'),
(164, 208, 135, 'Vero odit expedita aspernatur sint voluptatem aut quidem. Sed et dolor consequatur voluptate. Itaque quis explicabo a.'),
(165, 58, 160, 'Aliquam distinctio perferendis expedita in veniam. Dignissimos sed ut et quo quam. Ipsam architecto ipsa excepturi consectetur. Molestiae et corporis voluptatem itaque suscipit illum ut cupiditate.'),
(166, 167, 115, 'Aut illo dolor vero consequuntur rerum. Quo modi eum sit molestias atque alias est voluptates. Temporibus minima voluptas sequi adipisci et. Dolores repellat suscipit exercitationem incidunt rerum.'),
(167, 202, 151, 'Quod nihil et qui illum suscipit. In itaque similique repudiandae tenetur aut libero. Aliquid numquam quas illo.'),
(168, 76, 266, 'Odio et quo laborum dolor saepe corrupti aliquid voluptatem. Omnis qui qui aperiam laborum sint.'),
(169, 198, 86, 'Quia accusamus et voluptatibus placeat et possimus at. Rerum accusantium eum at nemo ullam. Ut nostrum eos officia doloremque veniam et.'),
(170, 118, 232, 'Aliquid est minus quia accusamus non. Magni quis voluptates qui provident. Minima repellat nobis sed expedita optio est officiis debitis.'),
(171, 182, 160, 'Quis iste et vel laudantium omnis. Neque eos aliquam quisquam enim. Vel doloremque adipisci consequatur consequatur non laudantium voluptatem. Et accusamus omnis et.'),
(172, 87, 114, 'Soluta commodi molestiae illum non cupiditate omnis harum. Temporibus voluptas ipsa quas doloribus ab odio dolore magni. Quasi quasi nihil quo pariatur explicabo in tenetur.'),
(173, 162, 61, 'Hic quasi culpa quia ducimus quod aut. Sunt minima aspernatur illum nam culpa. Eos quis nihil dolores natus quisquam corporis nisi.'),
(174, 125, 189, 'Unde facere vel esse expedita odit amet eligendi. Placeat distinctio corrupti voluptas aut tempore aspernatur.'),
(175, 42, 176, 'Sunt dolores ad vel ducimus. Voluptate dignissimos enim et cumque sapiente ea vitae. Corrupti deserunt non ut occaecati cumque explicabo.'),
(176, 170, 163, 'Saepe error assumenda voluptas quis voluptatum. Ratione voluptatem dicta expedita adipisci.'),
(177, 114, 130, 'Distinctio ipsam at officiis necessitatibus cumque. Sequi ut deleniti qui nam. Aut consequatur ut et ut. Mollitia natus reiciendis perspiciatis quaerat.'),
(178, 37, 163, 'Sed quo harum eos culpa itaque voluptatem aliquid. Qui ratione ea rem et perferendis ut. Ut velit totam sapiente aut. Numquam voluptatum laudantium officia necessitatibus neque animi quis.'),
(179, 153, 240, 'Voluptas aut sapiente cum est. Commodi unde qui culpa iusto sed.'),
(180, 104, 288, 'Consequatur voluptas asperiores unde repellendus tempora voluptas est. Omnis impedit saepe quas quos. Tenetur magni perspiciatis sit sit.'),
(181, 108, 125, 'Ipsa repellat adipisci est nihil corrupti voluptatem. Molestiae ut repellat qui in soluta. Enim vitae ipsam optio repellendus distinctio occaecati. Eos ipsa saepe est quia temporibus.'),
(182, 26, 237, 'Cum nihil alias est nulla aperiam. Minima mollitia ipsum sunt beatae atque laboriosam. Aperiam vel soluta veniam nihil. Optio totam corporis dolorum mollitia dolorem quas voluptas.'),
(183, 192, 59, 'Rerum ut enim voluptas architecto. Sit et aut quaerat optio officiis enim asperiores. Distinctio illo quia aspernatur sed placeat voluptatem laudantium et. Perferendis mollitia rerum aut qui.'),
(184, 21, 183, 'Nemo quisquam eum sed. Qui eum aut accusamus enim. Quidem atque facilis molestiae laudantium. Sint voluptas qui hic. Et et ipsam labore quae est rerum consequatur.'),
(185, 51, 134, 'Aut eos est nemo labore sit fuga illum. Optio architecto ut quibusdam at tempora. Aut est sapiente excepturi eum voluptas. Doloremque deserunt velit neque inventore incidunt sit consequatur.'),
(186, 62, 142, 'Molestiae nesciunt excepturi praesentium consequatur. Error ut facere ea quia ut vero impedit. Dolorum ut consequatur rerum impedit quos inventore numquam non.'),
(187, 105, 147, 'Sint et perferendis corporis maiores. Cum beatae unde qui consequuntur. Nam est molestiae voluptatibus.'),
(188, 49, 264, 'Sit nobis ut laboriosam voluptatem. Placeat molestiae fugiat cupiditate. Quae pariatur provident quo alias ratione rerum est. Atque eius illo aliquid itaque vel et itaque tempora.'),
(189, 157, 38, 'Modi nisi ducimus enim aperiam non in. Voluptas quis nemo maxime. Ducimus repudiandae quam id adipisci. Quo perspiciatis et tenetur. Et sed aperiam voluptate ut tempora et maiores.'),
(190, 66, 301, 'Quaerat est harum est. Molestiae eos qui est assumenda ut omnis sequi. Nam placeat rerum natus corrupti assumenda. Dolorum rerum ut consectetur tempora corporis officiis eum.'),
(191, 54, 242, 'Dolorem doloribus ut soluta eveniet amet. Exercitationem aspernatur consequatur quia veniam et aliquam qui. Nesciunt delectus totam dolores et.'),
(192, 56, 178, 'Sed ad sint deleniti architecto. Sequi omnis aspernatur dolores vel quis rem. Porro illo vel assumenda voluptates. Eius et autem similique voluptates.'),
(193, 25, 105, 'Modi voluptas est quidem. Repellat dolorum rerum cumque autem recusandae quam voluptatem iusto. Quis ipsum aliquam fuga consequatur enim eos velit.'),
(194, 133, 194, 'Et amet tenetur et est odit. Nam sapiente labore est deserunt fugiat. A aspernatur nam qui ut.'),
(195, 81, 40, 'Corrupti quia velit et aut. Vel vel laborum vero eius. Explicabo laborum blanditiis sed debitis ut velit.'),
(196, 124, 94, 'Ipsa eveniet sed qui omnis. Sed exercitationem earum doloribus quisquam. Aut nesciunt voluptas est est.'),
(197, 105, 170, 'Et placeat tempora ipsa qui fuga et. Facere fugiat pariatur qui laborum totam. Quas aut est maxime id qui fugit amet. Doloremque quo officia voluptatem dignissimos omnis aut sed.'),
(198, 87, 70, 'Fuga praesentium velit ea fugit animi velit ullam. Tenetur sit odit molestias voluptatibus excepturi. Voluptatem autem consequatur aut qui deleniti accusantium.'),
(199, 48, 123, 'Sint quos minus alias hic. Inventore quae a doloribus animi. Nihil corrupti impedit et earum unde. Nihil quos nisi animi aut iusto eos quia.'),
(200, 172, 74, 'Qui est voluptates aut nisi dolores aut error provident. Qui soluta ad optio voluptatum aliquam. Necessitatibus totam maxime maxime aut.'),
(201, 122, 199, 'Cum dolorem totam ut ut culpa illo non. Impedit voluptas qui qui cupiditate voluptatem sunt aliquid. Veritatis voluptatem molestias magnam possimus ratione.'),
(202, 68, 261, 'Commodi ea sit velit accusantium excepturi eum sed. Et dolores voluptates dolorem commodi temporibus. Dolorum vel neque necessitatibus expedita exercitationem aut.'),
(203, 87, 19, 'Nesciunt accusantium pariatur id facere. Molestiae provident tempore omnis labore qui minima. Odit molestiae a aliquam sint et.'),
(204, 50, 46, 'Provident provident blanditiis enim et doloremque deleniti. Nesciunt rerum voluptas repudiandae facilis recusandae.'),
(205, 22, 155, 'Sed odio et laborum architecto qui ea aut. Est harum voluptas ad eligendi et aut. Cumque sint non aliquam cum. Earum deleniti temporibus odio quibusdam.'),
(206, 194, 120, 'Ipsa ratione sit non enim ipsam. Ratione voluptatem quidem doloremque harum. Tempore sit dolorem iste beatae. Unde nihil ipsam minima accusantium.'),
(207, 54, 139, 'Ut voluptatem nam incidunt sit ratione. Odit et cupiditate et in ipsam. Dolorem dolorem sint nihil molestiae. Iure doloremque est iure enim quia.'),
(208, 192, 28, 'Officia quibusdam quibusdam cum quia incidunt et. Cumque earum vel aliquid commodi perferendis. Nemo tempore nobis quidem atque sed esse. Aut vel quaerat et rerum.'),
(209, 200, 40, 'Consequatur qui consequuntur sunt. Facilis rerum sed officiis. Doloremque et architecto et saepe deserunt et hic eaque. Rerum quasi iure dolore.'),
(210, 1, 65, 'Asperiores quod illum eius tenetur similique dolorum assumenda. Ipsum est harum eaque aut. Eum consectetur sapiente voluptatem est. Eos corrupti voluptas quo dolor.'),
(211, 102, 286, 'Consequatur et dolor eos laboriosam aperiam corporis dicta. Maiores aspernatur perferendis magnam inventore voluptates. Ipsum ipsa occaecati aut hic laudantium tenetur.'),
(212, 145, 50, 'Voluptate repudiandae odit ab vel sed id vel reiciendis. Eum nisi eius id. Delectus similique maiores et reiciendis quo earum cumque. Autem officia perferendis unde adipisci.'),
(213, 76, 111, 'Et nemo deserunt quisquam perspiciatis. Voluptatum occaecati autem voluptatem cum. Maiores dolor magnam et numquam et. Sed ullam fugit quam adipisci quis non.'),
(214, 22, 226, 'Beatae delectus neque nam aliquid non aut omnis soluta. Velit ratione et facilis tenetur. Libero officiis perspiciatis ratione sed.'),
(215, 68, 251, 'Voluptate dolores laboriosam qui quia. Beatae nihil alias quia eius quia. Qui commodi quo magnam rerum.'),
(216, 69, 156, 'Sed quas incidunt optio ut repellendus et. Dolor nihil qui eos natus iure.'),
(217, 106, 233, 'Delectus et asperiores debitis sapiente amet non nulla sint. Incidunt provident quia est veniam quod cumque aliquam. Ea assumenda tenetur aut nemo voluptatem.'),
(218, 19, 100, 'Recusandae et voluptatem pariatur eos labore. Voluptatem qui nihil voluptatem blanditiis. Et voluptatibus ad sed sit ut.'),
(219, 134, 191, 'Voluptatem laboriosam voluptas fugiat. Vitae deleniti dignissimos et. Velit nihil dolores iure quae. Perspiciatis ipsa aut modi quidem. Omnis error consequatur quisquam.'),
(220, 208, 294, 'Officiis perferendis quidem dolore ut. Magni eius blanditiis ab optio. Dolores ipsam quo ea maiores pariatur. Et et quia magni in rerum voluptatum praesentium.'),
(221, 117, 225, 'Omnis iure et alias qui consequatur molestiae. Inventore perferendis et est qui velit. Accusamus atque est recusandae. Officiis mollitia voluptatem ipsam magni ut.'),
(222, 151, 199, 'Autem eveniet labore illo accusantium repellendus. Qui sit quas et quisquam nulla. Qui qui nam dicta nihil. Delectus eveniet voluptatum totam aliquid ex ipsam. Quibusdam quam nobis expedita nesciunt.'),
(223, 1, 280, 'Quaerat dolor recusandae at ex veniam quia. Sit quos ut nobis quas deserunt soluta. Non ut eligendi quia consequatur.'),
(224, 180, 181, 'Rerum quia et officiis. Sint atque iure quas at est ut aut. Nulla vel corrupti voluptatibus odit laudantium eos non.'),
(225, 204, 50, 'Vel accusamus exercitationem et ad consequuntur qui. Est modi omnis dolore ab rem ea non. Non commodi soluta quos.'),
(226, 85, 58, 'Nihil ratione maiores molestias perspiciatis. Sed quia ratione necessitatibus enim sit reprehenderit rerum. Soluta ut dolorem dolore rerum voluptas. Aut sit sit repudiandae omnis.'),
(227, 107, 224, 'Ab iusto voluptas quam quo nemo voluptatem maxime assumenda. Delectus perferendis amet error aut ratione. Velit placeat nemo aliquid non soluta dicta.'),
(228, 154, 136, 'Pariatur rem dicta consequuntur repellat occaecati qui velit ut. Ullam unde nesciunt quibusdam et sed quis. Ea aut illo quis accusamus.'),
(229, 177, 24, 'Inventore aliquam praesentium quas tenetur. Omnis itaque dolorum qui suscipit aut. Similique explicabo et eaque expedita. Voluptatibus voluptatem pariatur tempore odit fuga rerum quis.'),
(230, 18, 154, 'Nisi sed maxime quo quia vel. Rerum dolorem voluptate assumenda.'),
(231, 145, 213, 'Earum quas sunt esse saepe ab. Laboriosam cum vero sequi repellendus excepturi. Quod sunt porro sapiente maiores vero fuga. Voluptatem facilis necessitatibus facilis occaecati.'),
(232, 173, 225, 'Modi voluptatem reiciendis optio beatae. Quidem nobis ullam corrupti tempora autem. Et dolorem eius pariatur reiciendis. Cumque et possimus ab error. Libero dolorem quidem eos iure aut vitae eum.'),
(233, 53, 215, 'Animi perferendis aut nisi non aut quos. Incidunt aut officia at et reiciendis. In qui rerum dolorem expedita non molestiae rem. Aut cumque iure consequatur asperiores quibusdam dolores aut qui.'),
(234, 101, 222, 'Sit illo ipsum minus nesciunt consequatur dicta dolor. Sunt deserunt nobis delectus magni officia. Impedit voluptatem et consequatur ipsum. Nihil aliquid nulla perferendis dolorem excepturi.'),
(235, 70, 153, 'Harum ipsum aliquam cupiditate quia veritatis. Vero et aspernatur nihil repellendus sequi esse quas. In autem quis velit ut eveniet adipisci porro.'),
(236, 148, 82, 'Dolorem sequi qui nostrum blanditiis enim consequatur. Eos sit minus non amet accusantium. Neque illo maiores architecto veritatis. Qui molestias vel perferendis voluptatem placeat doloremque vel.'),
(237, 163, 223, 'Natus ut vel explicabo vero eveniet. Voluptatum quia qui pariatur illum nemo. Minus deleniti et labore est dolores omnis. Quia voluptas in expedita maxime nihil quis.'),
(238, 185, 7, 'Eveniet amet et labore incidunt consectetur ut. Consequatur nobis at quis asperiores blanditiis porro. Voluptatem et aut at et eaque delectus. Esse est voluptatem consectetur dolorem quod sunt ipsum.'),
(239, 33, 129, 'Distinctio nulla minus laboriosam laudantium. Architecto cum accusantium officia qui cupiditate. Nesciunt dolorum aut nobis corporis.'),
(240, 124, 155, 'Et pariatur aut aliquam dolorem magnam itaque iste. Nesciunt ut qui dolores fuga architecto qui. Veniam non expedita dolores molestiae similique excepturi.'),
(241, 182, 135, 'Voluptatem explicabo ab maxime vitae qui a. Repudiandae quasi sed quisquam quia sint ut omnis. Ut excepturi et ut in modi. Ullam expedita ut nisi quo non voluptas dolores aut.'),
(242, 102, 18, 'Earum dolores eum similique reprehenderit. Cum fugit nemo explicabo quod nihil debitis ab. Alias non autem inventore vel consequatur. Tenetur et cum ut deserunt sequi quas repudiandae.'),
(243, 180, 296, 'Quia eveniet et explicabo repellat dolores dolores. Quos inventore aut facilis deleniti eveniet. Aut ab aut quam necessitatibus voluptatem quasi qui.'),
(244, 74, 33, 'Culpa possimus molestiae harum illum accusantium iure. Expedita delectus ut consequatur assumenda. Ut et sit et ad ipsam facilis. Veniam amet veritatis enim quia.'),
(245, 78, 185, 'Consequuntur corrupti id ullam ut velit. Est rerum qui vero possimus. Vitae voluptatem consectetur unde minus quaerat neque.'),
(246, 179, 273, 'Exercitationem distinctio quia dolor delectus ab voluptates temporibus. Est non debitis non qui numquam ab ipsum. In omnis sed aut consequatur repellat quis sint.'),
(247, 100, 240, 'Blanditiis soluta ea minima. Saepe dolorem qui quam debitis in sequi. Quaerat totam modi labore dolores voluptates quia quis adipisci.'),
(248, 95, 6, 'Occaecati error esse molestiae omnis vero. Soluta quam ut nihil occaecati. Nihil ex id dolorem omnis. Aut rerum eum qui aliquid quibusdam sit quia.'),
(249, 52, 215, 'Similique quaerat dolor ipsa natus harum. Qui odio sequi fugiat. Exercitationem sit rerum officia ut voluptates voluptatem. Facere optio et sequi quibusdam amet officiis aperiam.'),
(250, 69, 265, 'Quaerat voluptatem itaque rerum odio nam aliquid omnis. Eaque impedit est et cum ut omnis odio id. Qui id ab voluptas adipisci quos alias ut. Minus nobis suscipit et laudantium quod.'),
(251, 166, 118, 'At dolores autem iure dolorum non reiciendis cumque corporis. Expedita numquam ab at maxime. Quisquam laboriosam doloribus quo. Aliquam et earum aut animi.'),
(252, 100, 145, 'Impedit laborum accusantium sint voluptas voluptatum et autem. Incidunt consequatur molestiae illum et. Sit aut voluptate voluptatibus sapiente voluptas.'),
(253, 47, 194, 'Deleniti quia nihil nihil est voluptates. Eum voluptates error minima beatae et. Alias et quam voluptatem veniam ab id.'),
(254, 104, 124, 'Inventore reiciendis sit a placeat. Earum ea qui placeat et nulla. Omnis aut et in impedit adipisci. Molestias hic quis ex dicta. Consequatur et ipsam est dolorem vero.'),
(255, 27, 173, 'Velit inventore accusamus officiis omnis. Quasi quae voluptas beatae. Quia mollitia sed magnam aliquid accusamus aliquam. Magni sint quia architecto.'),
(256, 116, 40, 'Sit placeat minus quaerat non recusandae exercitationem molestias. Hic eveniet recusandae fugit blanditiis voluptatum mollitia. Qui rem quia deserunt mollitia.'),
(257, 47, 251, 'Qui veniam rem ad deserunt. At ex tempora consequuntur aut. Error nobis ipsa voluptatem perspiciatis quia quia. Doloremque recusandae ut sed saepe.'),
(258, 34, 96, 'Quas sed esse veritatis vel aut ipsum. Beatae sint voluptas voluptas consequatur. Velit occaecati aperiam a soluta reprehenderit.'),
(259, 40, 99, 'Consequatur voluptatem ea facilis modi eos commodi omnis. Quod sapiente veniam laboriosam. Rem dolor et accusantium unde.'),
(260, 212, 261, 'Voluptas qui repudiandae temporibus libero atque et quasi. Ipsa et ut atque laboriosam. Iure officiis et explicabo. Fuga earum quisquam sed nulla velit.'),
(261, 204, 64, 'Consequuntur distinctio magni nesciunt omnis rerum. Omnis sint inventore in eos distinctio voluptatibus. Veritatis est culpa debitis.'),
(262, 19, 228, 'Deserunt quis officiis velit qui tempore. Consectetur inventore eligendi ullam eaque repellendus ratione pariatur et. Dicta id molestiae vero qui laudantium.'),
(263, 197, 14, 'Debitis voluptas natus omnis mollitia voluptas. Quibusdam accusamus omnis quos. Animi eos assumenda quod quos velit id quis. Error error sunt ea ab laboriosam excepturi.'),
(264, 16, 8, 'Quis quaerat qui quod. Recusandae porro voluptatem eos temporibus est aut voluptatem. In earum pariatur quia. Molestias quod modi laboriosam ut sint aut voluptatem distinctio.'),
(265, 137, 42, 'Cupiditate autem amet excepturi harum laudantium velit. Labore quis molestiae et odit est sit sunt. Accusamus ad libero maxime.'),
(266, 55, 160, 'Et et dolorem provident molestias asperiores qui. Et beatae magnam voluptatem voluptas eveniet. Et molestias ut id repellendus.'),
(267, 120, 243, 'Quod aut omnis quaerat velit temporibus enim nam. Inventore laboriosam libero eius velit distinctio ab suscipit. Rerum voluptatem non qui consectetur vel et et.'),
(268, 103, 35, 'Doloremque repudiandae atque quia. A sequi voluptates omnis. Perspiciatis a voluptatem et repellat natus ut sed vel. Sint suscipit adipisci magni minus nisi et repellat animi.'),
(269, 127, 192, 'Sunt vitae omnis quia deleniti suscipit. Delectus cupiditate praesentium ut et. Nostrum aperiam doloribus voluptas fugiat quasi et iste.'),
(270, 174, 137, 'Blanditiis perspiciatis ut est neque. Quae neque qui molestias id dignissimos explicabo. Ipsa ea minima ipsum unde mollitia error. Minus numquam repellendus et ad velit.'),
(271, 148, 13, 'Illo aperiam earum velit nobis in quasi. Et praesentium et vero labore aut. Quidem earum non itaque dolorum. Eos porro nesciunt repudiandae provident voluptatem voluptates.'),
(272, 61, 9, 'Illum labore similique quo nam. Aut ex veritatis nemo dolores. Et dolorem incidunt voluptate laborum. Laboriosam dignissimos labore deserunt est.'),
(273, 87, 270, 'Deleniti itaque voluptate facere et temporibus cum. Accusamus cumque adipisci quia expedita quo amet cumque est. Harum optio ipsam sint ut voluptas molestiae.'),
(274, 40, 218, 'Praesentium voluptate consequuntur odit vel sit eum aut. Et modi sequi delectus expedita voluptas quis voluptatem et. Consequuntur saepe fugiat libero architecto officia.'),
(275, 35, 296, 'In omnis odit dolorem inventore maxime amet ex. Debitis ipsum nam omnis nesciunt cum iste consequuntur. Dignissimos porro labore nihil.'),
(276, 155, 25, 'Architecto ex dolorem sed deleniti voluptas neque. Distinctio architecto illo sed molestias deserunt. Atque molestiae et et et adipisci accusantium earum. Ut quidem qui molestiae perspiciatis quam.'),
(277, 63, 4, 'Doloremque aliquam quia enim iste voluptas. Ut expedita consequatur et sit. Consequatur occaecati qui sequi illo earum quis.'),
(278, 23, 230, 'Est sed ullam dignissimos sit quia et voluptatem. Ipsam quia voluptas exercitationem quod ut ut. Quis quos molestiae illum delectus et.'),
(279, 198, 288, 'Consequatur repellat ad voluptas voluptatem ea voluptatum. In consequuntur est a eum quod fugiat nihil.'),
(280, 112, 35, 'Veniam nobis magni et voluptatibus perspiciatis. Rem distinctio a tempore eveniet rem molestias ex. Sint vitae eveniet odio ad modi nam pariatur id.'),
(281, 37, 187, 'Odit non ut voluptatem veritatis molestiae animi. Iure ab nisi consequatur atque in et. Ea architecto accusamus totam possimus excepturi vitae qui. Id qui numquam assumenda id optio.'),
(282, 115, 294, 'Quam assumenda ea et velit voluptas quia dignissimos. Ex in ipsum dolore aliquid consequatur. Hic necessitatibus id at enim natus quas sequi. Quae veniam cupiditate veniam temporibus.'),
(283, 186, 299, 'Assumenda laboriosam id facere. Qui sed labore a perferendis suscipit maxime.'),
(284, 21, 237, 'Facilis quaerat sed laboriosam reprehenderit nisi. Natus omnis quia corrupti voluptas voluptatem repellat. Corporis exercitationem aut commodi quia.'),
(285, 116, 211, 'Ut nam ea aut qui at blanditiis. Neque qui ipsa aut totam nisi. Harum maxime sequi corporis iste. Voluptas veniam qui porro ut.'),
(286, 53, 31, 'Quo accusamus eaque soluta laborum et et. Recusandae quia sit perspiciatis sit ducimus.'),
(287, 103, 189, 'Sit sapiente aut molestiae. Qui eum eum vel velit ex est. Autem non libero vero ut temporibus sequi. Nemo aspernatur quis ut suscipit quisquam.'),
(288, 26, 207, 'Magnam facilis alias aut in. Amet excepturi qui quidem. Voluptate iste est et animi nobis.'),
(289, 150, 23, 'Consectetur qui debitis occaecati reiciendis. Recusandae omnis magnam consequatur nesciunt voluptatem.'),
(290, 98, 248, 'Est corporis qui numquam qui provident. Quaerat at ut dicta harum. Iure totam voluptatem maiores nemo qui. Aut cumque aut aliquid eveniet rem.'),
(291, 170, 231, 'Aut sint eligendi ut facilis dolore. Omnis sed voluptatem quia facere. Amet nam eligendi reiciendis minima laudantium voluptatum debitis.'),
(292, 3, 62, 'Cum assumenda voluptatem quis quasi aut omnis. Nihil dolor deserunt nisi sit aliquid quibusdam. Commodi recusandae laboriosam quo esse recusandae praesentium amet.'),
(293, 207, 249, 'Sint provident rerum est consequuntur dolores libero. Et qui aut et nihil et. Qui ex quasi expedita. Nam delectus quae perspiciatis et quas.'),
(294, 101, 196, 'Sint eius explicabo accusantium numquam nihil vel sit. Quis voluptate placeat ad aut dolorum dolor omnis. Voluptate ratione est vel et et quidem.'),
(295, 36, 188, 'Et aut ut est necessitatibus ut et reiciendis. Velit enim ullam asperiores et vero. Temporibus molestiae omnis accusantium ipsum.'),
(296, 89, 269, 'Commodi et rerum voluptas nam debitis dolorem possimus. Dolor aut eius et iste quod ipsa. Adipisci et ad possimus rerum. Explicabo veniam tempora dicta voluptatibus illo totam.'),
(297, 35, 87, 'Aut iure qui possimus maiores voluptas quo magni. Fugit dolor aut rerum quos in amet. Recusandae velit voluptate facilis voluptate harum assumenda necessitatibus.'),
(298, 174, 226, 'Et quibusdam nostrum quas sed. Omnis et aspernatur quos minus qui sed molestiae. Aut non qui quo et voluptatem illum vero.'),
(299, 170, 42, 'Est aliquam fugit neque dolores modi. Culpa excepturi illo minus veritatis perferendis pariatur est. Repellat placeat adipisci eos est voluptas animi est.'),
(300, 137, 116, 'Enim possimus est quidem aliquid ut non. Rerum vitae accusantium quod expedita. Consequatur non odio id vel voluptatem.');

-- --------------------------------------------------------

--
-- Structure de la table `projets`
--

DROP TABLE IF EXISTS `projets`;
CREATE TABLE IF NOT EXISTS `projets` (
  `id` int NOT NULL AUTO_INCREMENT,
  `titre` varchar(200) CHARACTER SET utf8 COLLATE utf8_general_ci NOT NULL,
  `content` text CHARACTER SET utf8 COLLATE utf8_general_ci,
  `image` varchar(200) CHARACTER SET utf8 COLLATE utf8_general_ci NOT NULL,
  `creation` datetime NOT NULL,
  `slug` varchar(200) CHARACTER SET utf8 COLLATE utf8_general_ci NOT NULL,
  `statut` tinyint(1) NOT NULL,
  `auteur` int UNSIGNED NOT NULL,
  PRIMARY KEY (`id`),
  KEY `auteur` (`auteur`)
) ENGINE=InnoDB AUTO_INCREMENT=302 DEFAULT CHARSET=utf8mb4 COLLATE=utf8mb4_0900_ai_ci;

--
-- Déchargement des données de la table `projets`
--

INSERT INTO `projets` (`id`, `titre`, `content`, `image`, `creation`, `slug`, `statut`, `auteur`) VALUES
(1, 'Quod numquam quibusdam modi est qui.', 'Eos quis eligendi excepturi explicabo et. Doloremque dolorum voluptas nisi qui. Quis et modi et nulla. Non libero maxime aspernatur error excepturi voluptas accusantium.', 'http://lorempixel.com/640/480/', '2021-06-09 06:17:13', 'quod-numquam-quibusdam-modi-est-qui', 1, 48),
(2, 'Ut exercitationem error corrupti ea mollitia enim et.', 'Natus quisquam voluptas et saepe non odit dicta alias. Excepturi ipsum nam itaque quis. Suscipit quis voluptatem minus. Illo odit commodi minima non voluptatem voluptatum sit.', 'http://lorempixel.com/640/480/', '2021-07-28 08:01:06', 'ut-exercitationem-error-corrupti-ea-mollitia-enim-et', 1, 49),
(3, 'Atque minus magni et sunt.', 'Nihil cupiditate nisi aliquid non placeat fugiat aperiam. Est nulla maxime corrupti eum similique labore natus. Iste non accusamus tempora sapiente debitis.', 'http://lorempixel.com/640/480/', '2021-06-12 18:00:03', 'atque-minus-magni-et-sunt', 1, 126),
(4, 'Id occaecati ducimus molestias qui quasi omnis.', 'Saepe id velit molestias pariatur libero. Dolor accusantium iste dolor accusamus voluptatem commodi et voluptatem. Sit dicta iure quos aut dolore et.', 'http://lorempixel.com/640/480/', '2021-09-14 06:42:14', 'id-occaecati-ducimus-molestias-qui-quasi-omnis', 1, 196),
(5, 'Aut magni dolor voluptas similique rem labore ut deserunt accusamus.', 'Consectetur aliquam eligendi voluptas tempore dicta. Placeat aut laboriosam dolor sed dolores. Iste voluptate non et dicta sapiente quod aliquam. Sit nihil qui neque facere veritatis quis.', 'http://lorempixel.com/640/480/', '2021-08-17 23:25:38', 'aut-magni-dolor-voluptas-similique-rem-labore-ut-deserunt-accusamus', 1, 118),
(6, 'Nam minus et facilis exercitationem ut.', 'Praesentium et voluptas eos et eum iure. Et vel sint consequatur tempora quidem. Commodi voluptatem labore illo vel et cum. Quia ut doloremque soluta laborum.', 'http://lorempixel.com/640/480/', '2021-06-05 10:34:00', 'nam-minus-et-facilis-exercitationem-ut', 1, 80),
(7, 'Molestiae et aut odio eos autem eius dolores eius aut et.', 'Est laudantium dignissimos modi ab commodi necessitatibus. Dicta voluptatum quae quibusdam ducimus debitis illo. Ut autem aut rerum totam illum.', 'http://lorempixel.com/640/480/', '2021-07-15 23:21:37', 'molestiae-et-aut-odio-eos-autem-eius-dolores-eius-aut-et', 0, 117),
(8, 'In nemo accusamus quibusdam ut autem velit.', 'Eius voluptatem magnam ut cum id id. Temporibus id laborum consectetur fugiat vitae molestias quae reprehenderit. Et non deserunt modi quia quae qui.', 'http://lorempixel.com/640/480/', '2021-04-20 23:37:19', 'in-nemo-accusamus-quibusdam-ut-autem-velit', 1, 77),
(9, 'Alias amet consequuntur molestias rerum provident quia dicta nostrum inventore.', 'Temporibus harum voluptas enim possimus labore sit aliquam. Fugiat eveniet sint animi recusandae quia aliquam omnis libero. Voluptatum ea vero quo enim quas.', 'http://lorempixel.com/640/480/', '2021-05-12 09:27:07', 'alias-amet-consequuntur-molestias-rerum-provident-quia-dicta-nostrum-inventore', 1, 192),
(10, 'Quia est enim vero.', 'Labore ipsam dolores facere et. Aut et quos vel voluptas modi. Consequatur veritatis nihil ut vitae accusantium.', 'http://lorempixel.com/640/480/', '2021-08-06 18:18:54', 'quia-est-enim-vero', 0, 67),
(11, 'Harum dolor et sit animi reiciendis et.', 'Facere quia consequatur qui laboriosam culpa quia. Soluta dicta voluptatem quibusdam accusamus et exercitationem.', 'http://lorempixel.com/640/480/', '2021-07-05 16:08:44', 'harum-dolor-et-sit-animi-reiciendis-et', 1, 136),
(12, 'Pariatur autem ea ut ut totam provident deserunt.', 'Quo iusto id nisi est et cumque. Et debitis sit enim. Delectus pariatur voluptas rerum exercitationem et rem. Incidunt at voluptates ut. Et veritatis inventore ipsa sit adipisci occaecati et.', 'http://lorempixel.com/640/480/', '2021-09-29 16:57:39', 'pariatur-autem-ea-ut-ut-totam-provident-deserunt', 0, 132),
(13, 'Eveniet expedita voluptas iure impedit consequuntur quisquam dolor.', 'Ducimus cumque vel pariatur. Tempore sed voluptatibus reiciendis molestiae. Labore qui nulla quia cum ut. Et similique iure officia aperiam veritatis similique corrupti.', 'http://lorempixel.com/640/480/', '2021-08-08 07:25:38', 'eveniet-expedita-voluptas-iure-impedit-consequuntur-quisquam-dolor', 0, 128),
(14, 'Consequatur officia rerum deleniti ipsam perferendis sed.', 'Similique cum assumenda iure. Consequatur nihil asperiores voluptas perferendis modi incidunt harum. Molestias exercitationem quis mollitia est assumenda quis.', 'http://lorempixel.com/640/480/', '2021-08-28 11:12:34', 'consequatur-officia-rerum-deleniti-ipsam-perferendis-sed', 1, 133),
(15, 'Qui ea est sit iure eum dolores non rerum non.', 'Et accusantium voluptate unde illo est. Nihil dolor adipisci vero quibusdam aut at. Id quos perferendis nam quaerat facere natus ea.', 'http://lorempixel.com/640/480/', '2021-08-22 12:26:47', 'qui-ea-est-sit-iure-eum-dolores-non-rerum-non', 0, 49),
(16, 'Rerum et et et repellendus molestiae dolorem aspernatur rem perferendis molestiae.', 'Dolor incidunt placeat mollitia ut. Voluptatibus quos similique vero. Ut est temporibus blanditiis eum vitae.', 'http://lorempixel.com/640/480/', '2021-05-16 08:34:13', 'rerum-et-et-et-repellendus-molestiae-dolorem-aspernatur-rem-perferendis-molestiae', 0, 198),
(17, 'Fuga eveniet voluptatibus ratione iure repudiandae vitae et fuga modi.', 'Numquam praesentium labore autem voluptatem debitis consequatur. Sint rerum maiores porro quos alias et. Molestiae perferendis est occaecati et reprehenderit.', 'http://lorempixel.com/640/480/', '2021-10-15 05:54:03', 'fuga-eveniet-voluptatibus-ratione-iure-repudiandae-vitae-et-fuga-modi', 1, 43),
(18, 'Tempora quia rerum quaerat itaque illum.', 'Vel ratione ullam necessitatibus quia velit. Perferendis aut sit voluptas nihil et distinctio provident.', 'http://lorempixel.com/640/480/', '2021-09-26 18:08:03', 'tempora-quia-rerum-quaerat-itaque-illum', 1, 103),
(19, 'Officia et accusamus ratione explicabo.', 'Quis enim dolorem deserunt ut quasi error maxime aliquid. Et illum alias eaque dolorem eaque officia sapiente. Expedita est animi delectus dolor sint molestias unde aut. Ea et cupiditate tempore ex.', 'http://lorempixel.com/640/480/', '2021-04-21 10:46:01', 'officia-et-accusamus-ratione-explicabo', 0, 207),
(20, 'Similique ipsa temporibus ut ratione aut.', 'Et error minima qui. Ut qui impedit veniam nisi. Facere itaque dolores reiciendis consequatur.', 'http://lorempixel.com/640/480/', '2021-05-28 17:12:33', 'similique-ipsa-temporibus-ut-ratione-aut', 0, 49),
(21, 'Molestiae porro quia cupiditate dolor deserunt ut aliquam deserunt.', 'Ullam maxime magni quam blanditiis recusandae dicta. Quo rerum eum beatae recusandae qui dolore velit. Iure doloribus qui consequatur rerum fugiat.', 'http://lorempixel.com/640/480/', '2021-09-20 03:11:37', 'molestiae-porro-quia-cupiditate-dolor-deserunt-ut-aliquam-deserunt', 0, 177),
(22, 'Beatae est sequi veritatis impedit fugiat magnam et atque ut dolor.', 'Sapiente nemo ut voluptas at. Blanditiis perspiciatis recusandae fuga assumenda blanditiis impedit.', 'http://lorempixel.com/640/480/', '2021-09-17 17:33:18', 'beatae-est-sequi-veritatis-impedit-fugiat-magnam-et-atque-ut-dolor', 0, 17),
(23, 'Incidunt quis ratione deleniti vel natus quia est qui officiis.', 'Animi atque sunt quos atque. Aut vero voluptatibus sit quaerat quidem perspiciatis tenetur dignissimos. Quo consequatur labore natus dolores consequatur repellendus.', 'http://lorempixel.com/640/480/', '2021-10-12 19:44:43', 'incidunt-quis-ratione-deleniti-vel-natus-quia-est-qui-officiis', 1, 197),
(24, 'Non ipsam in qui qui nihil sed quo quasi rerum fugiat fugit.', 'Error praesentium dolore ut dolorem adipisci sit sunt. Quas deserunt debitis numquam. Ipsum et quam laudantium est nihil eum voluptatem.', 'http://lorempixel.com/640/480/', '2021-10-11 09:57:12', 'non-ipsam-in-qui-qui-nihil-sed-quo-quasi-rerum-fugiat-fugit', 1, 104),
(25, 'Saepe non velit doloribus totam pariatur et.', 'Ratione unde dolor ea dolor. Ut qui amet in rerum maxime. Velit rem voluptas qui occaecati eligendi aperiam facere. Enim expedita provident ad quae aliquam nulla aut.', 'http://lorempixel.com/640/480/', '2021-08-09 01:25:42', 'saepe-non-velit-doloribus-totam-pariatur-et', 0, 165),
(26, 'Quis nulla doloremque rerum aut ullam.', 'Aspernatur officia fugit ea fugit magni. Repellat omnis enim velit sit occaecati in illum. Consectetur maxime quasi facere sint.', 'http://lorempixel.com/640/480/', '2021-06-03 07:27:08', 'quis-nulla-doloremque-rerum-aut-ullam', 1, 60),
(27, 'Assumenda animi aliquam tempora impedit ad.', 'Id qui sint vel beatae iste corporis dolorem itaque. Voluptate ut laborum repellat quis. Error sunt ea aspernatur ad.', 'http://lorempixel.com/640/480/', '2021-07-22 12:23:10', 'assumenda-animi-aliquam-tempora-impedit-ad', 1, 49),
(28, 'Hic et rerum illum optio nobis qui rerum.', 'Est architecto dicta consequatur eveniet necessitatibus nemo quis. In amet placeat at sunt. Rerum autem deleniti at asperiores rerum illo modi accusantium.', 'http://lorempixel.com/640/480/', '2021-05-16 12:28:26', 'hic-et-rerum-illum-optio-nobis-qui-rerum', 0, 34),
(29, 'Et quam ut modi ut aut praesentium eius sed et.', 'Porro consectetur et voluptates dolor. Necessitatibus neque earum eius illo et quia. Laboriosam error eligendi consequatur quod fugiat omnis voluptas et.', 'http://lorempixel.com/640/480/', '2021-06-03 15:40:30', 'et-quam-ut-modi-ut-aut-praesentium-eius-sed-et', 1, 68),
(30, 'Quis enim mollitia omnis laudantium repellendus odit deleniti adipisci.', 'Molestiae eum sunt aperiam quos odio minima nesciunt. Tempore aut eligendi vel quos vel. Qui neque autem voluptates qui ipsam.', 'http://lorempixel.com/640/480/', '2021-06-18 03:32:48', 'quis-enim-mollitia-omnis-laudantium-repellendus-odit-deleniti-adipisci', 1, 194),
(31, 'Quod et praesentium sit voluptatum porro numquam.', 'Placeat qui vitae velit nihil dignissimos. Quia inventore beatae ut. Quia est voluptatibus et vel fuga omnis ea.', 'http://lorempixel.com/640/480/', '2021-08-22 14:01:06', 'quod-et-praesentium-sit-voluptatum-porro-numquam', 1, 89),
(32, 'Corporis quidem atque qui aliquam dolor quia voluptatibus aut et porro.', 'Nam qui et possimus totam illum maiores temporibus. Quam dolorem non sit qui sunt labore ut. Voluptatem sapiente voluptas officiis tempore voluptatem qui nisi.', 'http://lorempixel.com/640/480/', '2021-08-15 03:39:16', 'corporis-quidem-atque-qui-aliquam-dolor-quia-voluptatibus-aut-et-porro', 1, 114),
(33, 'Suscipit ipsa ad architecto ut impedit nobis delectus et.', 'Omnis veritatis doloremque consequatur deleniti. Corrupti beatae et ab aliquam incidunt consequatur. At eaque exercitationem asperiores quia molestias aut libero.', 'http://lorempixel.com/640/480/', '2021-07-10 04:20:43', 'suscipit-ipsa-ad-architecto-ut-impedit-nobis-delectus-et', 1, 112),
(34, 'Repellendus maxime ex consectetur in voluptatem dolorem aut architecto facere.', 'Similique et quo minus aut assumenda sit. Voluptatum magni magni dolorem eum. Sapiente consequuntur accusamus praesentium. Debitis nobis reprehenderit assumenda.', 'http://lorempixel.com/640/480/', '2021-10-11 13:51:12', 'repellendus-maxime-ex-consectetur-in-voluptatem-dolorem-aut-architecto-facere', 1, 68),
(35, 'Esse perspiciatis aut quisquam fugiat sit blanditiis.', 'Occaecati ipsam incidunt rerum enim et et. Excepturi voluptatem architecto voluptatum debitis. Suscipit enim et qui vel explicabo. Officia molestiae qui facere qui unde.', 'http://lorempixel.com/640/480/', '2021-10-03 22:19:33', 'esse-perspiciatis-aut-quisquam-fugiat-sit-blanditiis', 0, 115),
(36, 'Molestiae dolorem odit quibusdam quia reiciendis id et sunt quia quia.', 'Magni nesciunt consequatur ab hic. Consequatur sapiente ex molestias qui deserunt ut. Consequatur repellat nostrum qui aut cum non a.', 'http://lorempixel.com/640/480/', '2021-06-20 00:33:19', 'molestiae-dolorem-odit-quibusdam-quia-reiciendis-id-et-sunt-quia-quia', 0, 146),
(37, 'Ratione quasi et sunt cum quia aspernatur ea voluptatem saepe soluta.', 'Harum vel est laborum quia laboriosam enim. Ea asperiores dolorem ab id provident pariatur. Quo sequi recusandae ut magnam deserunt sequi magnam. Voluptatem aut aut eaque.', 'http://lorempixel.com/640/480/', '2021-08-07 03:29:44', 'ratione-quasi-et-sunt-cum-quia-aspernatur-ea-voluptatem-saepe-soluta', 0, 111),
(38, 'Consectetur optio possimus molestiae ut incidunt suscipit.', 'Et voluptatum consectetur nihil commodi dolore. Voluptate alias quae enim quibusdam nam nobis. Fuga omnis perferendis non.', 'http://lorempixel.com/640/480/', '2021-07-20 19:41:17', 'consectetur-optio-possimus-molestiae-ut-incidunt-suscipit', 1, 131),
(39, 'Cupiditate fugit corporis quasi est et voluptatum aut.', 'Optio expedita porro qui occaecati. Quia ipsam sed ut consequatur quam delectus. Velit expedita quod tempore voluptatem neque minima odio.', 'http://lorempixel.com/640/480/', '2021-10-05 09:15:38', 'cupiditate-fugit-corporis-quasi-est-et-voluptatum-aut', 0, 21),
(40, 'Reiciendis aliquam veritatis repellat ea.', 'Consequuntur corporis dignissimos labore eos. Deleniti ab autem voluptate cupiditate cumque. Voluptatem perspiciatis natus amet autem qui.', 'http://lorempixel.com/640/480/', '2021-06-03 01:31:11', 'reiciendis-aliquam-veritatis-repellat-ea', 1, 115),
(41, 'Voluptas deleniti maiores blanditiis soluta omnis exercitationem voluptatum.', 'Tenetur dolorum possimus cumque in perspiciatis quia. Inventore quas earum molestiae earum placeat culpa nulla. Maiores et cum aspernatur porro qui.', 'http://lorempixel.com/640/480/', '2021-06-13 21:25:55', 'voluptas-deleniti-maiores-blanditiis-soluta-omnis-exercitationem-voluptatum', 1, 53),
(42, 'Autem pariatur consectetur omnis omnis qui aliquam fugit.', 'Laudantium impedit explicabo repudiandae et illo nulla et. Ut officiis rerum harum vel sequi laudantium nemo. Explicabo beatae dignissimos non.', 'http://lorempixel.com/640/480/', '2021-09-15 14:13:34', 'autem-pariatur-consectetur-omnis-omnis-qui-aliquam-fugit', 0, 208),
(43, 'Architecto laboriosam temporibus est voluptas repudiandae.', 'Nam aut tempora ipsam nesciunt. Et odio dolores et iusto. Laborum ipsum autem temporibus error voluptates alias aut in. Delectus harum et accusamus doloremque provident.', 'http://lorempixel.com/640/480/', '2021-10-05 08:57:36', 'architecto-laboriosam-temporibus-est-voluptas-repudiandae', 0, 53),
(44, 'Est quos ut corporis nemo possimus sint.', 'Ut voluptas tempore repudiandae vel sint. Qui repellat vero totam. Aut recusandae animi in non rem et perspiciatis dignissimos.', 'http://lorempixel.com/640/480/', '2021-08-15 17:40:18', 'est-quos-ut-corporis-nemo-possimus-sint', 1, 209),
(45, 'Aut debitis doloremque aperiam pariatur eligendi.', 'Ut tenetur ut exercitationem. Consequuntur perferendis consequuntur sit voluptatibus. Non dolor harum porro.', 'http://lorempixel.com/640/480/', '2021-08-09 10:52:53', 'aut-debitis-doloremque-aperiam-pariatur-eligendi', 1, 36),
(46, 'Ad illo sunt earum ea consequatur non asperiores.', 'Ducimus fugiat omnis recusandae voluptas quam earum et. Voluptatem vero totam unde reprehenderit temporibus labore beatae. Repudiandae officiis cumque amet ut.', 'http://lorempixel.com/640/480/', '2021-05-29 06:46:11', 'ad-illo-sunt-earum-ea-consequatur-non-asperiores', 0, 62),
(47, 'Quod porro alias nihil mollitia qui.', 'Aliquam officiis consequatur et et aut fugiat. Natus voluptatibus qui asperiores voluptatem iusto minus voluptatem. Architecto vel possimus culpa eos aut velit.', 'http://lorempixel.com/640/480/', '2021-05-27 15:08:56', 'quod-porro-alias-nihil-mollitia-qui', 1, 110),
(48, 'Culpa facere consequuntur voluptatum porro cupiditate porro molestiae odio.', 'Et nihil quia est commodi voluptatibus cum numquam. Et eum veritatis sunt sequi.', 'http://lorempixel.com/640/480/', '2021-08-28 21:45:32', 'culpa-facere-consequuntur-voluptatum-porro-cupiditate-porro-molestiae-odio', 0, 38),
(49, 'Voluptas distinctio odio ea error nam et rerum rem qui.', 'Qui velit modi vitae nam. Consequatur pariatur sunt possimus provident. Nihil minus architecto cupiditate molestiae reiciendis.', 'http://lorempixel.com/640/480/', '2021-07-02 01:29:28', 'voluptas-distinctio-odio-ea-error-nam-et-rerum-rem-qui', 1, 198),
(50, 'Voluptate et ipsum dolorem magnam dolorum.', 'Non et ab dolorum et. Veniam est odio consequatur et et eveniet iure. Repellat distinctio quam et quisquam doloribus quas voluptates.', 'http://lorempixel.com/640/480/', '2021-07-30 10:07:45', 'voluptate-et-ipsum-dolorem-magnam-dolorum', 1, 148),
(51, 'Ut aut qui consequuntur animi consectetur libero dignissimos.', 'Ex quis magnam nulla. Unde aperiam officia qui. Sint ut quod praesentium incidunt eius tempore. Ratione earum voluptate sint vitae et et.', 'http://lorempixel.com/640/480/', '2021-06-20 06:34:01', 'ut-aut-qui-consequuntur-animi-consectetur-libero-dignissimos', 1, 87),
(52, 'Et sed maxime modi non laudantium saepe vero beatae.', 'Eligendi eaque nemo ullam modi placeat et. Molestiae repellat rerum repudiandae et et. Consequatur quia porro eveniet dicta. Minus quis earum animi facere.', 'http://lorempixel.com/640/480/', '2021-06-26 21:19:52', 'et-sed-maxime-modi-non-laudantium-saepe-vero-beatae', 0, 81),
(53, 'Et nobis accusantium cupiditate aut ea nobis dolor.', 'Sequi et dolorem quibusdam facere perspiciatis fugiat. Dolor voluptates ut quas culpa nihil. Qui quis reprehenderit sunt magni quia officiis voluptatibus quibusdam.', 'http://lorempixel.com/640/480/', '2021-08-10 15:35:10', 'et-nobis-accusantium-cupiditate-aut-ea-nobis-dolor', 1, 70),
(54, 'Autem voluptatem esse ipsum ratione excepturi quidem nobis.', 'Ea tempore nihil neque quia. Et et rerum officia reiciendis blanditiis. Voluptas sunt qui est sed. Qui minima quas eum soluta.', 'http://lorempixel.com/640/480/', '2021-09-19 18:52:24', 'autem-voluptatem-esse-ipsum-ratione-excepturi-quidem-nobis', 0, 128),
(55, 'Nobis eligendi animi qui temporibus quisquam voluptas vero excepturi.', 'Quos quod quas laudantium. Adipisci accusantium sint ut doloremque. Sunt aut veritatis est commodi aut.', 'http://lorempixel.com/640/480/', '2021-06-08 22:56:53', 'nobis-eligendi-animi-qui-temporibus-quisquam-voluptas-vero-excepturi', 0, 41),
(56, 'Omnis amet commodi qui totam voluptatem blanditiis voluptatum.', 'Blanditiis est nulla voluptatem aut. Quam sed praesentium at ab fugit voluptatem. Et eius repellat hic.', 'http://lorempixel.com/640/480/', '2021-09-29 02:16:56', 'omnis-amet-commodi-qui-totam-voluptatem-blanditiis-voluptatum', 0, 173),
(57, 'Tempore aut consequatur tempore corporis commodi error quaerat voluptas et natus.', 'Et quo itaque totam est. Illum voluptas nihil sed nulla. Quo odit fuga impedit deleniti eaque.', 'http://lorempixel.com/640/480/', '2021-05-07 20:47:19', 'tempore-aut-consequatur-tempore-corporis-commodi-error-quaerat-voluptas-et-natus', 0, 86),
(58, 'Provident quia expedita excepturi et non nulla quod nobis magnam autem.', 'Rerum tenetur voluptate quia voluptas autem ut quisquam. Fugiat eveniet ab modi saepe enim exercitationem. Nisi qui atque et qui voluptas incidunt. Eos exercitationem placeat illo cum aut.', 'http://lorempixel.com/640/480/', '2021-10-14 00:56:37', 'provident-quia-expedita-excepturi-et-non-nulla-quod-nobis-magnam-autem', 0, 56),
(59, 'Possimus maxime beatae deleniti sunt.', 'Sint beatae inventore quod. Ut a molestiae vitae et. Exercitationem ut et aut laudantium. Ratione pariatur non nemo sapiente dignissimos voluptas.', 'http://lorempixel.com/640/480/', '2021-09-16 13:48:02', 'possimus-maxime-beatae-deleniti-sunt', 1, 58),
(60, 'Quos cupiditate praesentium tempore reiciendis sapiente dolorem est et sed accusamus ipsam et ipsam.', 'Maxime rerum consequatur in quam tempora inventore earum. Qui voluptatibus ipsum voluptates quasi omnis. Soluta inventore ad beatae amet aliquid totam maiores. Sunt quaerat dolor aut et cumque quasi.', 'http://lorempixel.com/640/480/', '2021-04-24 02:01:59', 'quos-cupiditate-praesentium-tempore-reiciendis-sapiente-dolorem-est-et-sed-accusamus-ipsam-et-ipsam', 1, 161),
(61, 'Asperiores et perspiciatis omnis est impedit enim animi enim eum qui.', 'Deserunt et molestiae expedita saepe voluptates et consequuntur labore. Autem harum adipisci dolor molestiae. Autem totam voluptatem veritatis.', 'http://lorempixel.com/640/480/', '2021-09-19 03:58:43', 'asperiores-et-perspiciatis-omnis-est-impedit-enim-animi-enim-eum-qui', 0, 142),
(62, 'Quod consequatur nulla et velit temporibus ut unde.', 'Unde molestiae architecto ea reprehenderit eveniet sed. Ad dolore rem et fuga. Quibusdam eius occaecati perspiciatis laborum eius. Et sunt consequatur alias.', 'http://lorempixel.com/640/480/', '2021-08-10 20:03:40', 'quod-consequatur-nulla-et-velit-temporibus-ut-unde', 1, 60),
(63, 'Nulla ut impedit et assumenda nesciunt et laudantium.', 'Sint animi dolores provident quis enim. Animi aut consequatur qui voluptatem. Qui aut quasi sit quos quae assumenda et odio. Dolores molestias expedita blanditiis delectus suscipit est.', 'http://lorempixel.com/640/480/', '2021-08-10 11:00:48', 'nulla-ut-impedit-et-assumenda-nesciunt-et-laudantium', 1, 134),
(64, 'Beatae autem iusto dolor quo error nostrum.', 'Officia aut eligendi ad porro qui nam maiores. Vero minus ipsa voluptatum exercitationem voluptatem sunt. Ex qui quas doloribus modi culpa beatae odit. Iste ea voluptatem iure esse doloribus alias.', 'http://lorempixel.com/640/480/', '2021-09-12 10:19:41', 'beatae-autem-iusto-dolor-quo-error-nostrum', 1, 79),
(65, 'Non officiis est harum inventore aut repellendus cumque architecto autem qui quis debitis.', 'Eum voluptatem earum consequatur vero. A voluptatem harum at autem temporibus ex. Dolore ipsum autem est ea reprehenderit libero.', 'http://lorempixel.com/640/480/', '2021-07-26 10:50:46', 'non-officiis-est-harum-inventore-aut-repellendus-cumque-architecto-autem-qui-quis-debitis', 1, 27),
(66, 'Eaque ullam et ut et quod itaque vitae eos.', 'Excepturi architecto ab ut et. Magni nihil molestiae consequuntur officia quaerat. Aut dicta aperiam consequatur doloremque mollitia minima eos. Corporis laborum non ea blanditiis.', 'http://lorempixel.com/640/480/', '2021-08-17 15:12:57', 'eaque-ullam-et-ut-et-quod-itaque-vitae-eos', 1, 41),
(67, 'Quas repellendus asperiores enim beatae similique ratione ratione id eaque est saepe magnam.', 'Doloribus aliquam dolor id eum incidunt recusandae. Quos consequatur quaerat voluptas itaque assumenda quia hic. Numquam illum velit aut atque debitis dolores repellat.', 'http://lorempixel.com/640/480/', '2021-08-04 12:56:45', 'quas-repellendus-asperiores-enim-beatae-similique-ratione-ratione-id-eaque-est-saepe-magnam', 0, 125),
(68, 'Ea praesentium rerum aut magnam placeat aspernatur deleniti mollitia.', 'Excepturi sint natus eveniet ullam facilis aut sit. Quae quia laudantium aliquid inventore. Minima et laudantium molestiae quia esse praesentium eligendi rerum. Repudiandae nisi culpa quae inventore.', 'http://lorempixel.com/640/480/', '2021-08-03 15:15:44', 'ea-praesentium-rerum-aut-magnam-placeat-aspernatur-deleniti-mollitia', 1, 16),
(69, 'Vel eligendi id et reprehenderit velit iure rerum harum.', 'Omnis a dignissimos voluptas incidunt sit dolores. Iusto quam reiciendis aliquid.', 'http://lorempixel.com/640/480/', '2021-05-24 09:19:16', 'vel-eligendi-id-et-reprehenderit-velit-iure-rerum-harum', 0, 118),
(70, 'Molestias sit nobis et eos.', 'Magni quis quis nihil velit. Non repudiandae quia optio autem dolor. Qui quia blanditiis quidem hic.', 'http://lorempixel.com/640/480/', '2021-06-29 06:49:35', 'molestias-sit-nobis-et-eos', 0, 21),
(71, 'Consequatur doloribus dolor molestiae nihil mollitia iure.', 'Officiis nobis id quidem eligendi aut mollitia. Deserunt iusto quisquam enim sit. Et voluptate sit voluptatem in beatae dicta. Aperiam nihil aut dignissimos eos quam maiores mollitia.', 'http://lorempixel.com/640/480/', '2021-08-29 08:20:35', 'consequatur-doloribus-dolor-molestiae-nihil-mollitia-iure', 1, 52),
(72, 'Consequatur minima molestias omnis illo aperiam ab rerum consectetur molestiae quis consequatur.', 'Earum molestiae quia voluptate incidunt cupiditate. Est voluptate accusamus occaecati aliquid illum eaque nobis hic.', 'http://lorempixel.com/640/480/', '2021-08-02 23:50:54', 'consequatur-minima-molestias-omnis-illo-aperiam-ab-rerum-consectetur-molestiae-quis-consequatur', 1, 163),
(73, 'Ipsa adipisci quia nihil officiis et qui veniam nisi.', 'Aliquid voluptates et quod sit maxime culpa. Possimus vitae est enim molestiae laborum in voluptatem ut. Aspernatur iusto aliquid ex. Voluptates ut ipsum totam delectus vel.', 'http://lorempixel.com/640/480/', '2021-05-16 09:45:00', 'ipsa-adipisci-quia-nihil-officiis-et-qui-veniam-nisi', 0, 145),
(74, 'Aliquam est voluptas excepturi rerum architecto repudiandae temporibus est consectetur modi laborum.', 'Vitae ex esse ipsa et cum qui. Ullam aut commodi quaerat expedita. Quo culpa vitae maxime vel rem aut dolorem. Qui qui eum eligendi qui earum. Ipsum voluptatum blanditiis et ut.', 'http://lorempixel.com/640/480/', '2021-10-08 22:10:07', 'aliquam-est-voluptas-excepturi-rerum-architecto-repudiandae-temporibus-est-consectetur-modi-laborum', 1, 98),
(75, 'Nostrum animi ut maiores porro molestias error ipsam tempora autem aut.', 'Placeat et neque suscipit quis. Id assumenda numquam sed eum eius. Placeat pariatur unde eaque rerum consectetur. Dolores illum voluptatem aliquam.', 'http://lorempixel.com/640/480/', '2021-10-04 05:07:05', 'nostrum-animi-ut-maiores-porro-molestias-error-ipsam-tempora-autem-aut', 1, 146),
(76, 'Magni mollitia vel accusamus aliquid dolor earum.', 'Iusto illum id qui officia magni. Est modi molestias animi itaque sint non est. Odit inventore omnis architecto ut fugit.', 'http://lorempixel.com/640/480/', '2021-08-16 15:55:26', 'magni-mollitia-vel-accusamus-aliquid-dolor-earum', 1, 108),
(77, 'A quis sint est architecto laboriosam minus hic et tempore ullam consequatur.', 'Deleniti porro quas quis consequuntur. Iure libero ad autem id. Debitis repellat mollitia dolorem quae sit veritatis.', 'http://lorempixel.com/640/480/', '2021-10-12 13:05:14', 'a-quis-sint-est-architecto-laboriosam-minus-hic-et-tempore-ullam-consequatur', 0, 98),
(78, 'Id reprehenderit perspiciatis nihil quos excepturi eveniet ab cum similique sed amet nihil.', 'Deserunt laboriosam nihil molestiae eius at et. Velit dolorem et voluptates quidem. Maiores ullam et dignissimos qui nostrum qui aperiam consequatur.', 'http://lorempixel.com/640/480/', '2021-06-12 08:42:53', 'id-reprehenderit-perspiciatis-nihil-quos-excepturi-eveniet-ab-cum-similique-sed-amet-nihil', 1, 76),
(79, 'Dolorum temporibus qui maiores consequuntur harum mollitia ut.', 'Tenetur unde voluptates eum et harum voluptas harum perspiciatis. Ullam cumque fugiat tempora tempora deleniti nihil et. Quo error ratione iusto. Nisi id placeat expedita ex et adipisci et.', 'http://lorempixel.com/640/480/', '2021-07-02 21:47:28', 'dolorum-temporibus-qui-maiores-consequuntur-harum-mollitia-ut', 0, 210),
(80, 'Corporis adipisci corporis voluptas odio architecto rerum facere natus soluta ut cumque eaque.', 'Sunt repellat rerum soluta cumque. Quae ut voluptate provident eius. Reprehenderit libero quas velit.', 'http://lorempixel.com/640/480/', '2021-04-20 12:51:21', 'corporis-adipisci-corporis-voluptas-odio-architecto-rerum-facere-natus-soluta-ut-cumque-eaque', 1, 74),
(81, 'Consequatur id voluptas modi tenetur similique.', 'Reiciendis ut est expedita eos eius. Accusamus fuga autem non. Ullam beatae voluptas non.', 'http://lorempixel.com/640/480/', '2021-05-02 05:07:06', 'consequatur-id-voluptas-modi-tenetur-similique', 1, 205),
(82, 'Ut error quia quia voluptate iure.', 'Sit eos atque et iusto esse quam. Repellat et ut accusantium ea. Aliquam suscipit beatae quae voluptatem et. Ullam provident vero aut ut eveniet.', 'http://lorempixel.com/640/480/', '2021-07-23 06:30:35', 'ut-error-quia-quia-voluptate-iure', 1, 32),
(83, 'Qui iure numquam facilis ea nemo possimus dolor qui pariatur voluptatem et quae.', 'Dolor quis quasi consequatur eaque. Quas qui sint pariatur sed aut qui. Explicabo et dolores alias neque tenetur qui maxime.', 'http://lorempixel.com/640/480/', '2021-08-09 07:21:23', 'qui-iure-numquam-facilis-ea-nemo-possimus-dolor-qui-pariatur-voluptatem-et-quae', 1, 204),
(84, 'Et omnis culpa dolor rem quia aspernatur sequi praesentium quae porro.', 'Consequatur veniam fuga quo perspiciatis molestiae esse. Autem impedit blanditiis aut. Illum modi qui laborum magni.', 'http://lorempixel.com/640/480/', '2021-08-06 22:17:41', 'et-omnis-culpa-dolor-rem-quia-aspernatur-sequi-praesentium-quae-porro', 1, 189),
(85, 'Nobis reiciendis quia natus deleniti omnis quos labore.', 'Ipsum deserunt voluptas quis earum unde beatae. Sapiente et perspiciatis vel.', 'http://lorempixel.com/640/480/', '2021-04-23 21:44:45', 'nobis-reiciendis-quia-natus-deleniti-omnis-quos-labore', 0, 96),
(86, 'Sed quia ab animi ut voluptatum natus dignissimos neque.', 'Et qui voluptates blanditiis animi ut. Est reprehenderit enim veniam sequi. Quasi neque odio illo voluptatem id fuga corporis eligendi. Incidunt laborum aliquid molestiae voluptatem non.', 'http://lorempixel.com/640/480/', '2021-06-06 11:25:03', 'sed-quia-ab-animi-ut-voluptatum-natus-dignissimos-neque', 0, 53),
(87, 'Architecto sunt itaque nihil sunt consequatur.', 'Repellat similique cupiditate nisi reprehenderit. Et sint numquam natus in perspiciatis dolor perferendis enim. Esse facilis aperiam quis totam. Nostrum earum quia suscipit molestiae.', 'http://lorempixel.com/640/480/', '2021-09-30 07:30:31', 'architecto-sunt-itaque-nihil-sunt-consequatur', 0, 201),
(88, 'Minus et et totam qui architecto nam at.', 'Repellendus ad enim eos velit cupiditate labore. Sapiente sed voluptas temporibus ipsam repellat enim. Consequuntur amet impedit beatae pariatur qui.', 'http://lorempixel.com/640/480/', '2021-07-02 12:35:08', 'minus-et-et-totam-qui-architecto-nam-at', 0, 62),
(89, 'Enim sunt quisquam eos ut autem enim tempora cumque vero excepturi.', 'Velit magni commodi nemo nam voluptate molestiae molestiae. Ipsam voluptatem corrupti aut perspiciatis inventore. Ut qui enim corporis aperiam minima delectus.', 'http://lorempixel.com/640/480/', '2021-04-15 20:59:17', 'enim-sunt-quisquam-eos-ut-autem-enim-tempora-cumque-vero-excepturi', 1, 79),
(90, 'Rerum sint perferendis sunt in ea iste et non natus pariatur quis.', 'Et porro et consequatur beatae. Neque reprehenderit aut recusandae autem dolore ex. Ut deserunt aut quas impedit impedit autem rerum. Qui dolore quam ullam optio.', 'http://lorempixel.com/640/480/', '2021-04-15 23:22:41', 'rerum-sint-perferendis-sunt-in-ea-iste-et-non-natus-pariatur-quis', 1, 69),
(91, 'Rerum alias atque accusamus qui ex.', 'Aut et quaerat nesciunt sit. Beatae architecto sapiente consequatur. Sit temporibus quos adipisci a alias vel. Saepe corporis quia earum molestiae dolorem.', 'http://lorempixel.com/640/480/', '2021-06-11 00:27:45', 'rerum-alias-atque-accusamus-qui-ex', 1, 152),
(92, 'Blanditiis minus quas occaecati fuga aspernatur et impedit.', 'Iusto nihil eaque voluptatibus odio libero molestiae consequatur. Perspiciatis quaerat hic consequatur eum et et. At quod tempore sit.', 'http://lorempixel.com/640/480/', '2021-07-23 23:22:30', 'blanditiis-minus-quas-occaecati-fuga-aspernatur-et-impedit', 0, 200),
(93, 'Cum corrupti dolores iure error et sunt sed cum.', 'Dolor adipisci accusantium quis molestias est. Iure consequatur aliquam aut voluptate quis eaque consequatur debitis. Ullam necessitatibus modi natus laudantium.', 'http://lorempixel.com/640/480/', '2021-05-08 10:12:13', 'cum-corrupti-dolores-iure-error-et-sunt-sed-cum', 1, 182),
(94, 'Voluptatem aut eos ducimus eligendi dolores in quos deleniti consequuntur.', 'Et ut occaecati dolores voluptatem nihil adipisci. Consequatur et possimus maiores quos ducimus iure. Ut temporibus alias nemo corrupti voluptas debitis ratione.', 'http://lorempixel.com/640/480/', '2021-06-22 03:11:49', 'voluptatem-aut-eos-ducimus-eligendi-dolores-in-quos-deleniti-consequuntur', 1, 45),
(95, 'Dolores unde ex earum sit.', 'Veniam quis velit architecto. Qui est officiis aut illum. Voluptatem est voluptate reiciendis et sequi optio quo alias. Magnam commodi officiis sit repellendus placeat laboriosam quis facere.', 'http://lorempixel.com/640/480/', '2021-07-26 12:20:02', 'dolores-unde-ex-earum-sit', 0, 111),
(96, 'Eos rerum sed aliquam voluptatum et iste et quidem.', 'Consectetur qui consequatur unde reprehenderit ut rerum. Accusamus soluta nihil sit iusto consequatur suscipit. Aut perferendis est numquam quisquam officiis rem. Perferendis enim ut quis illum.', 'http://lorempixel.com/640/480/', '2021-06-03 10:59:12', 'eos-rerum-sed-aliquam-voluptatum-et-iste-et-quidem', 1, 64),
(97, 'Nihil quia minima voluptatem vero doloribus aut alias vero.', 'Et illo voluptates neque dolores deleniti reiciendis. Veniam voluptates cum ducimus ut quisquam tenetur ea.', 'http://lorempixel.com/640/480/', '2021-05-28 06:11:41', 'nihil-quia-minima-voluptatem-vero-doloribus-aut-alias-vero', 1, 190),
(98, 'Voluptatibus et culpa sit sed enim ea et alias.', 'Itaque illum numquam alias. Qui quod consequatur qui sed nobis occaecati voluptas. Omnis fuga quis in nihil praesentium quia incidunt. Iusto voluptatem reiciendis dolorem nesciunt et.', 'http://lorempixel.com/640/480/', '2021-04-20 00:31:32', 'voluptatibus-et-culpa-sit-sed-enim-ea-et-alias', 0, 99),
(99, 'Iusto aut doloremque accusamus in id cumque.', 'Dolores quisquam provident accusamus qui reprehenderit repellat. Aut culpa in aut velit quia. Quidem magni quia quis animi.', 'http://lorempixel.com/640/480/', '2021-05-12 13:16:25', 'iusto-aut-doloremque-accusamus-in-id-cumque', 1, 86),
(100, 'Et nihil eius et sit numquam sunt laudantium voluptatem qui.', 'Dolor praesentium et sed dolorem. Corporis distinctio sit nam dolore. Aut laudantium animi enim. Quaerat ipsum vel veritatis et excepturi et quo. Ut eum corrupti autem voluptates.', 'http://lorempixel.com/640/480/', '2021-04-29 12:44:46', 'et-nihil-eius-et-sit-numquam-sunt-laudantium-voluptatem-qui', 1, 57),
(101, 'Enim voluptatem cumque qui optio nobis autem voluptatem blanditiis quas cum.', 'Alias hic laborum sunt veniam et. Eius odio nisi mollitia laboriosam. Fugit illum qui illo accusamus sed accusamus repellendus sed.', 'http://lorempixel.com/640/480/', '2021-07-11 03:55:57', 'enim-voluptatem-cumque-qui-optio-nobis-autem-voluptatem-blanditiis-quas-cum', 0, 83),
(102, 'Sed non debitis nesciunt nesciunt quibusdam fugit omnis minima laudantium.', 'Qui aut aut aut velit qui. Doloribus in minus eius ea ea ea totam quia. Ex facere et minus fuga nobis debitis. Qui atque magnam nemo sapiente qui ipsam sequi. Autem repellendus consequatur amet.', 'http://lorempixel.com/640/480/', '2021-04-27 00:20:50', 'sed-non-debitis-nesciunt-nesciunt-quibusdam-fugit-omnis-minima-laudantium', 1, 169),
(103, 'Occaecati dolorem cumque consequatur dolores et possimus non eos quam.', 'Illo amet fugit est fuga esse asperiores. Amet quas enim eaque facilis. Et ab harum reiciendis modi.', 'http://lorempixel.com/640/480/', '2021-05-15 08:37:24', 'occaecati-dolorem-cumque-consequatur-dolores-et-possimus-non-eos-quam', 0, 178),
(104, 'Repellat ab ut asperiores vitae similique in nihil.', 'Facilis fugit repellat eum animi. Sed esse itaque asperiores earum soluta dolorem et sit. Corrupti assumenda occaecati voluptatem minus voluptate molestiae facere. Quia odio similique est iure quia.', 'http://lorempixel.com/640/480/', '2021-06-16 20:09:18', 'repellat-ab-ut-asperiores-vitae-similique-in-nihil', 0, 184),
(105, 'Porro et et occaecati totam ad veritatis quia dignissimos.', 'Saepe facilis expedita aut ex commodi. Dolore laborum recusandae voluptates tenetur. Eos culpa et vero esse laborum. Quia architecto est reprehenderit veniam pariatur.', 'http://lorempixel.com/640/480/', '2021-08-29 19:19:56', 'porro-et-et-occaecati-totam-ad-veritatis-quia-dignissimos', 0, 187),
(106, 'Illo quas inventore vel laudantium aspernatur voluptas est.', 'Officia necessitatibus magni quos et. A nulla beatae sapiente et recusandae. Aliquam suscipit animi possimus rerum est sint. Et porro perspiciatis reiciendis tempore aliquid rerum.', 'http://lorempixel.com/640/480/', '2021-09-15 22:27:12', 'illo-quas-inventore-vel-laudantium-aspernatur-voluptas-est', 0, 52),
(107, 'Aspernatur nisi quis aut et velit dolor necessitatibus expedita.', 'Voluptatem enim voluptatibus qui sed aut. Nesciunt sit inventore in nihil. Voluptatum sit laudantium nostrum ab fuga ut ipsum.', 'http://lorempixel.com/640/480/', '2021-06-15 21:39:20', 'aspernatur-nisi-quis-aut-et-velit-dolor-necessitatibus-expedita', 1, 142),
(108, 'Porro adipisci veniam ipsum eius veniam corporis saepe omnis provident.', 'Voluptatem porro cum aliquid qui voluptatem est voluptates. Debitis in quis rerum quam dolores suscipit dicta sint. Sed dicta eius aut quidem id qui.', 'http://lorempixel.com/640/480/', '2021-07-04 01:58:51', 'porro-adipisci-veniam-ipsum-eius-veniam-corporis-saepe-omnis-provident', 0, 184),
(109, 'Et beatae soluta quia cumque.', 'Non molestiae delectus aliquid provident nostrum ad inventore sapiente. Sit et tempore aperiam tenetur quam consequatur natus voluptatem. Provident recusandae et amet omnis ullam quae consequuntur.', 'http://lorempixel.com/640/480/', '2021-06-13 07:29:28', 'et-beatae-soluta-quia-cumque', 0, 53),
(110, 'Quia optio officia sapiente voluptatum nobis.', 'Libero nobis magni aliquid perspiciatis. Reprehenderit sint accusantium velit similique modi et sed. Error rerum quia sapiente eius voluptatum deleniti. Esse saepe magnam omnis quae adipisci.', 'http://lorempixel.com/640/480/', '2021-06-30 20:51:21', 'quia-optio-officia-sapiente-voluptatum-nobis', 0, 51),
(111, 'Aliquid nisi quia sapiente voluptas ratione aut.', 'Possimus non distinctio temporibus dolor. Totam quaerat quia odit quas molestiae explicabo in. In dolorum quasi qui in. Non quisquam nam et tenetur in. At asperiores sapiente aut quam.', 'http://lorempixel.com/640/480/', '2021-04-29 22:19:55', 'aliquid-nisi-quia-sapiente-voluptas-ratione-aut', 0, 137),
(112, 'Quia nesciunt qui aperiam fugit accusamus ullam odio dicta et iste.', 'Quas rem qui unde. Non repellat deserunt reprehenderit. Molestiae aut quia rerum eaque et velit ut quos. Est eligendi laboriosam occaecati quisquam doloremque quam voluptatem illo.', 'http://lorempixel.com/640/480/', '2021-05-20 13:49:56', 'quia-nesciunt-qui-aperiam-fugit-accusamus-ullam-odio-dicta-et-iste', 0, 209),
(113, 'Est sit autem aliquid possimus debitis beatae.', 'Vero aspernatur aspernatur porro molestiae consequatur itaque molestiae. Repellendus vero sapiente ut ratione. Nihil quis animi iusto accusantium. In sed cum quis est fugit veniam qui qui.', 'http://lorempixel.com/640/480/', '2021-04-21 17:13:17', 'est-sit-autem-aliquid-possimus-debitis-beatae', 0, 93),
(114, 'Qui cupiditate dolorem ad ut assumenda iure voluptas.', 'Quasi cupiditate qui voluptates sed odio. Saepe voluptatum nisi dolores perspiciatis nostrum repellat. Ut non cumque dignissimos itaque sunt nesciunt quasi.', 'http://lorempixel.com/640/480/', '2021-04-26 03:53:49', 'qui-cupiditate-dolorem-ad-ut-assumenda-iure-voluptas', 0, 148),
(115, 'Hic id ducimus qui at est.', 'Quam dolores quod maxime eos et voluptas. Veritatis voluptatem corporis voluptate enim. Voluptatem tenetur suscipit eum facilis error magnam. Qui id nihil sunt quo ipsum.', 'http://lorempixel.com/640/480/', '2021-07-09 13:22:04', 'hic-id-ducimus-qui-at-est', 0, 154),
(116, 'Sit et ducimus esse.', 'Aut dolores voluptatem error laudantium quidem. Quis ut ut praesentium quod. Praesentium qui sit quidem ab quia. Sit quas quia libero aut.', 'http://lorempixel.com/640/480/', '2021-07-08 12:23:14', 'sit-et-ducimus-esse', 0, 211),
(117, 'Maiores eligendi assumenda enim exercitationem quia.', 'Eos ipsa omnis dolorem soluta odio. Labore accusamus quis quaerat officiis excepturi magni. Expedita dolorum ea similique id sit nihil.', 'http://lorempixel.com/640/480/', '2021-05-13 20:18:15', 'maiores-eligendi-assumenda-enim-exercitationem-quia', 0, 143),
(118, 'Incidunt ipsam aut adipisci ducimus voluptatum illo at qui ipsam.', 'Non quaerat temporibus nostrum dolorem sint quasi sunt. Molestiae et ut rerum impedit nobis consequatur. Voluptate enim et dicta sunt. Eaque commodi quod amet quas expedita.', 'http://lorempixel.com/640/480/', '2021-07-19 04:55:01', 'incidunt-ipsam-aut-adipisci-ducimus-voluptatum-illo-at-qui-ipsam', 0, 91),
(119, 'Expedita adipisci deserunt optio consequatur amet.', 'Ratione tenetur voluptatem totam et sed. Impedit at aut iure. Nobis et aperiam esse est eos voluptatem.', 'http://lorempixel.com/640/480/', '2021-05-23 05:23:02', 'expedita-adipisci-deserunt-optio-consequatur-amet', 1, 122),
(120, 'Quia minus sint omnis delectus nihil.', 'Non voluptatum corporis atque aut. Unde adipisci sed neque consequatur delectus aliquid a quas. Labore sit repudiandae eum ut.', 'http://lorempixel.com/640/480/', '2021-06-07 04:39:41', 'quia-minus-sint-omnis-delectus-nihil', 0, 109),
(121, 'Sit repudiandae architecto molestiae quae ratione ut rem dolorem est eum ab autem.', 'Ut voluptatibus at est maxime vel iure. Explicabo iste quasi velit cumque pariatur minima. Id aut ipsa id sed modi.', 'http://lorempixel.com/640/480/', '2021-09-05 02:04:49', 'sit-repudiandae-architecto-molestiae-quae-ratione-ut-rem-dolorem-est-eum-ab-autem', 1, 100),
(122, 'Magnam maiores provident sapiente excepturi possimus pariatur ut.', 'Aut est possimus iusto rerum itaque aliquid quis. Aut quia ut modi error. Laborum sed quisquam voluptate.', 'http://lorempixel.com/640/480/', '2021-10-04 14:44:28', 'magnam-maiores-provident-sapiente-excepturi-possimus-pariatur-ut', 1, 67),
(123, 'Eius sed impedit sint occaecati.', 'Tenetur soluta tempora omnis ipsum quo quis. Officia facilis quo ea debitis nulla vitae qui. Molestias maxime iste quia maxime.', 'http://lorempixel.com/640/480/', '2021-05-27 11:43:27', 'eius-sed-impedit-sint-occaecati', 0, 211),
(124, 'Corrupti impedit quasi molestias et non sunt.', 'Voluptates recusandae ut dicta deserunt eveniet. Non eos nisi nihil in sit et. Est maiores maiores molestiae eligendi voluptatem.', 'http://lorempixel.com/640/480/', '2021-09-05 17:32:15', 'corrupti-impedit-quasi-molestias-et-non-sunt', 1, 187),
(125, 'Iste qui dolor non nam unde ea cum.', 'Rerum laborum voluptatibus dolorem autem rerum et maiores. Voluptatem quasi perspiciatis hic quia dolorum. Minus molestias reiciendis aperiam repellat recusandae.', 'http://lorempixel.com/640/480/', '2021-04-18 11:27:30', 'iste-qui-dolor-non-nam-unde-ea-cum', 0, 63),
(126, 'Ut ab dolorem non sit tenetur necessitatibus inventore non est sed.', 'Quo possimus qui et et quam enim qui. Esse dolore et voluptatem sed porro dolore dolores. Sint reprehenderit dicta blanditiis mollitia sit.', 'http://lorempixel.com/640/480/', '2021-08-29 00:31:55', 'ut-ab-dolorem-non-sit-tenetur-necessitatibus-inventore-non-est-sed', 0, 167),
(127, 'Cupiditate nihil eligendi eaque quaerat et animi deserunt eaque quis est voluptatem.', 'Laborum sunt praesentium totam sunt vel. Ab est vitae esse quibusdam suscipit. Aut rerum voluptatem quasi doloribus ex dolor. Dolores cumque error et fugit.', 'http://lorempixel.com/640/480/', '2021-10-11 04:39:45', 'cupiditate-nihil-eligendi-eaque-quaerat-et-animi-deserunt-eaque-quis-est-voluptatem', 0, 88),
(128, 'Repudiandae sunt dignissimos maiores fugiat.', 'In et unde nisi aut reiciendis omnis. Nemo velit nostrum voluptatem et. Illum eum expedita voluptas consequatur non. Aut rem recusandae praesentium.', 'http://lorempixel.com/640/480/', '2021-09-19 12:32:03', 'repudiandae-sunt-dignissimos-maiores-fugiat', 1, 125),
(129, 'Cum sunt nihil vel commodi ut enim fugit.', 'In eum error aut error voluptas. Dicta ipsum amet ex odio aperiam minus numquam. Et veniam eveniet explicabo repellendus tempora cupiditate nulla. Est ut eum minus laborum.', 'http://lorempixel.com/640/480/', '2021-04-25 17:32:44', 'cum-sunt-nihil-vel-commodi-ut-enim-fugit', 0, 133),
(130, 'Mollitia repellat ad saepe atque non consequatur.', 'Optio fuga officiis sunt ipsa qui iure aut. Et cum maxime voluptatibus et saepe. Aut molestiae qui rem molestiae. Temporibus culpa velit non quis ea.', 'http://lorempixel.com/640/480/', '2021-06-24 10:26:48', 'mollitia-repellat-ad-saepe-atque-non-consequatur', 0, 65),
(131, 'Odit eius ullam ut est non quod officiis voluptas quidem.', 'Voluptate vel et impedit eligendi nam unde. Praesentium optio quia architecto quaerat voluptate qui rerum. Sit mollitia quos explicabo necessitatibus quaerat repellat autem ut.', 'http://lorempixel.com/640/480/', '2021-07-19 17:32:44', 'odit-eius-ullam-ut-est-non-quod-officiis-voluptas-quidem', 1, 187),
(132, 'Molestiae sit quod incidunt nobis aliquid.', 'Illo voluptatem quia maxime natus. Voluptates voluptatum repellat qui dolorem optio. Quia repellendus alias et libero velit sed. Quis incidunt consequatur quod.', 'http://lorempixel.com/640/480/', '2021-08-20 02:46:12', 'molestiae-sit-quod-incidunt-nobis-aliquid', 0, 213),
(133, 'Aut quasi rerum asperiores et sint temporibus est quam.', 'Soluta non animi fugiat dolore fuga neque. Deleniti et ullam aut modi sed.', 'http://lorempixel.com/640/480/', '2021-08-22 10:22:39', 'aut-quasi-rerum-asperiores-et-sint-temporibus-est-quam', 1, 107),
(134, 'Odit ea voluptas harum sunt sed vitae.', 'Quia blanditiis dolorem quaerat provident. Magnam qui voluptate sequi perferendis dolorum.', 'http://lorempixel.com/640/480/', '2021-07-26 03:40:24', 'odit-ea-voluptas-harum-sunt-sed-vitae', 1, 118),
(135, 'Omnis qui fuga rerum omnis eligendi et excepturi quaerat voluptatem.', 'Enim qui veniam placeat sit quas. Animi totam neque perferendis mollitia ipsa. Eius eius magnam molestiae et quaerat enim itaque.', 'http://lorempixel.com/640/480/', '2021-07-12 04:05:24', 'omnis-qui-fuga-rerum-omnis-eligendi-et-excepturi-quaerat-voluptatem', 0, 170),
(136, 'Rerum quis mollitia enim deleniti iusto qui expedita.', 'Nihil pariatur aut nihil et voluptate numquam. Ex inventore id alias optio officiis dolorem. Eum impedit perferendis odio. Error laudantium voluptas beatae.', 'http://lorempixel.com/640/480/', '2021-09-17 03:54:14', 'rerum-quis-mollitia-enim-deleniti-iusto-qui-expedita', 0, 20),
(137, 'Quae qui vitae tenetur amet assumenda quod accusamus maiores illum ab tenetur dolorem praesentium.', 'Atque sequi nulla hic natus qui. Hic laborum expedita et sunt soluta. Inventore autem a sapiente quo fugiat. Placeat minus non rem aliquam doloribus provident ipsum.', 'http://lorempixel.com/640/480/', '2021-08-21 08:11:03', 'quae-qui-vitae-tenetur-amet-assumenda-quod-accusamus-maiores-illum-ab-tenetur-dolorem-praesentium', 0, 124),
(138, 'Earum neque consequuntur consequuntur et.', 'Cupiditate aliquid natus eius culpa omnis. Quam soluta molestiae odit aspernatur maiores. Omnis debitis ut error voluptatibus quas est aut. Ut beatae nobis rerum distinctio rerum veritatis.', 'http://lorempixel.com/640/480/', '2021-07-14 03:43:46', 'earum-neque-consequuntur-consequuntur-et', 1, 181),
(139, 'Accusantium similique eum ullam voluptas sit facilis accusantium.', 'Voluptatem et dolorem voluptatem qui eum nulla rem. Soluta repellendus est natus facilis minus. Rerum minima quia deserunt sequi et aut eveniet.', 'http://lorempixel.com/640/480/', '2021-06-15 07:48:51', 'accusantium-similique-eum-ullam-voluptas-sit-facilis-accusantium', 0, 48),
(140, 'Enim nulla et repudiandae exercitationem dolore dicta rerum dolorum.', 'Quis ut libero excepturi id culpa. Natus odit nemo et dolorem odio. Nihil natus impedit maxime ut autem. Laudantium voluptatum numquam corporis consectetur.', 'http://lorempixel.com/640/480/', '2021-05-20 20:53:53', 'enim-nulla-et-repudiandae-exercitationem-dolore-dicta-rerum-dolorum', 1, 64),
(141, 'Occaecati laudantium beatae magnam aut quia omnis fugit ipsam.', 'Esse facilis qui ducimus et quibusdam. Doloribus maiores magni est dolor. Voluptatum vel quo non ipsum.', 'http://lorempixel.com/640/480/', '2021-09-05 07:57:42', 'occaecati-laudantium-beatae-magnam-aut-quia-omnis-fugit-ipsam', 1, 17),
(142, 'Et nemo qui iste earum quia totam vel facere.', 'Nemo fuga maiores saepe et saepe. Sapiente ab omnis quia aut earum expedita a. Omnis et eum et qui pariatur reiciendis aliquid placeat.', 'http://lorempixel.com/640/480/', '2021-10-07 15:55:14', 'et-nemo-qui-iste-earum-quia-totam-vel-facere', 1, 72),
(143, 'Aliquid culpa dicta quia voluptates.', 'Dicta vero aut sapiente et iste provident sequi. Eaque consequuntur ipsam aut libero aut autem. Qui omnis earum sit totam vitae. At dolorum occaecati aliquid quisquam quisquam eligendi.', 'http://lorempixel.com/640/480/', '2021-06-12 00:58:14', 'aliquid-culpa-dicta-quia-voluptates', 1, 97),
(144, 'Ratione dicta facere voluptas rerum iste non provident officiis.', 'Enim maxime qui assumenda eveniet a maxime eius. Adipisci fugiat suscipit et aliquam repudiandae dolore molestiae dolorem. Officia non mollitia atque odio et mollitia consequatur.', 'http://lorempixel.com/640/480/', '2021-06-18 21:50:02', 'ratione-dicta-facere-voluptas-rerum-iste-non-provident-officiis', 1, 193),
(145, 'Quia quia officiis neque vel necessitatibus sint sunt.', 'Hic et voluptas rem quis. Quia et dolorem aliquam animi ut ut. Quo nihil molestias ab fugiat blanditiis architecto. Non dolorum est dolor fugit.', 'http://lorempixel.com/640/480/', '2021-06-09 14:17:03', 'quia-quia-officiis-neque-vel-necessitatibus-sint-sunt', 0, 140),
(146, 'Deleniti harum perspiciatis qui.', 'Et reiciendis ad dicta deserunt cum repellendus cum. Dolores dolorem dolorem harum recusandae inventore. In ipsam consequuntur natus sequi. Est illum iste suscipit eos earum facere quia.', 'http://lorempixel.com/640/480/', '2021-05-11 20:21:22', 'deleniti-harum-perspiciatis-qui', 0, 107);
INSERT INTO `projets` (`id`, `titre`, `content`, `image`, `creation`, `slug`, `statut`, `auteur`) VALUES
(147, 'Vero et alias est sed ea optio voluptate doloribus.', 'Quo nostrum molestiae ipsam et quibusdam error harum. Amet commodi quis consectetur non. Sunt nemo iure autem id suscipit voluptatem ipsum. Quo qui sed alias optio facilis nihil.', 'http://lorempixel.com/640/480/', '2021-08-12 09:37:50', 'vero-et-alias-est-sed-ea-optio-voluptate-doloribus', 1, 133),
(148, 'Nostrum doloribus aliquam nisi est praesentium deleniti maxime minus a officia eius in nemo.', 'Minus quia mollitia assumenda accusantium voluptates id. Eligendi officia veritatis enim ducimus asperiores.', 'http://lorempixel.com/640/480/', '2021-05-30 02:20:52', 'nostrum-doloribus-aliquam-nisi-est-praesentium-deleniti-maxime-minus-a-officia-eius-in-nemo', 0, 139),
(149, 'Aut necessitatibus et non aut nihil.', 'Sit placeat eligendi vel. Qui aut autem ex libero vel quia. Rerum autem voluptatem facilis est enim. Dolores nostrum itaque hic necessitatibus.', 'http://lorempixel.com/640/480/', '2021-05-16 07:04:31', 'aut-necessitatibus-et-non-aut-nihil', 1, 100),
(150, 'Ut voluptatem et corporis quasi est.', 'Voluptatem consequatur non accusantium aliquam velit odio. Eos amet eum harum et quia. Provident quam velit doloremque voluptas libero adipisci.', 'http://lorempixel.com/640/480/', '2021-05-26 02:18:38', 'ut-voluptatem-et-corporis-quasi-est', 1, 128),
(151, 'Tempore voluptatum assumenda id aut minima voluptatem.', 'Et deserunt iure amet tempora autem aut blanditiis. Ex qui libero et voluptas mollitia. Unde quibusdam aliquid aliquam. Veritatis quos cumque quae fugiat.', 'http://lorempixel.com/640/480/', '2021-08-19 06:27:08', 'tempore-voluptatum-assumenda-id-aut-minima-voluptatem', 0, 39),
(152, 'Maxime excepturi facere odio eum consequatur.', 'Voluptates quis saepe ipsum dolorum aliquid. Suscipit nemo ipsam culpa omnis et. Ea omnis aut aliquid officia ex.', 'http://lorempixel.com/640/480/', '2021-07-07 20:21:35', 'maxime-excepturi-facere-odio-eum-consequatur', 0, 142),
(153, 'Voluptatem odit esse ducimus odio placeat ut vitae ut consequuntur.', 'Quia voluptatem ipsum et similique. Vitae minus blanditiis dolor beatae quibusdam sint veritatis. Totam id et natus repudiandae minus autem nisi dolorum. Quod quidem ex et qui.', 'http://lorempixel.com/640/480/', '2021-08-10 08:16:21', 'voluptatem-odit-esse-ducimus-odio-placeat-ut-vitae-ut-consequuntur', 0, 129),
(154, 'Eum et et in qui cum omnis labore reiciendis.', 'Rem asperiores aperiam nobis repellat. Laboriosam et non recusandae. Ab atque voluptates iusto nesciunt et quam. Molestias qui nihil hic.', 'http://lorempixel.com/640/480/', '2021-06-27 01:11:00', 'eum-et-et-in-qui-cum-omnis-labore-reiciendis', 1, 168),
(155, 'Quam saepe itaque repellendus consequatur sapiente.', 'Tenetur maiores maxime non reiciendis sed ut. Vel dicta nemo tenetur quisquam autem necessitatibus. Maiores quidem eos accusamus quae debitis modi aliquid tempore.', 'http://lorempixel.com/640/480/', '2021-07-11 12:49:01', 'quam-saepe-itaque-repellendus-consequatur-sapiente', 1, 199),
(156, 'Aut dolores inventore mollitia exercitationem esse placeat voluptatibus omnis eveniet exercitationem.', 'Et omnis aperiam est et quam non labore. Possimus quasi non velit rerum in. Atque blanditiis at placeat tempora. Eveniet accusamus a et est.', 'http://lorempixel.com/640/480/', '2021-06-08 02:44:12', 'aut-dolores-inventore-mollitia-exercitationem-esse-placeat-voluptatibus-omnis-eveniet-exercitationem', 0, 175),
(157, 'Quae magni sit et inventore rem consectetur sed.', 'Incidunt vitae ut quae iusto quo. Et est velit qui sed doloremque est.', 'http://lorempixel.com/640/480/', '2021-07-21 19:49:35', 'quae-magni-sit-et-inventore-rem-consectetur-sed', 1, 132),
(158, 'Omnis dolore quidem culpa et placeat.', 'Et cupiditate eius similique aut minus dolorum laboriosam. Molestiae adipisci illo omnis nemo tempora dolorum. Inventore id vitae omnis.', 'http://lorempixel.com/640/480/', '2021-07-05 04:42:34', 'omnis-dolore-quidem-culpa-et-placeat', 0, 189),
(159, 'Mollitia omnis natus laudantium.', 'Quaerat consectetur est libero occaecati. Blanditiis exercitationem quam itaque omnis veniam.', 'http://lorempixel.com/640/480/', '2021-08-22 09:37:10', 'mollitia-omnis-natus-laudantium', 0, 103),
(160, 'Inventore est consequatur molestiae quibusdam est qui.', 'Ullam et nihil sit eos. Rerum necessitatibus et iure dolore rerum. In et qui voluptas placeat adipisci in. Temporibus temporibus illo non eos eum. Soluta repellendus sed sapiente enim velit.', 'http://lorempixel.com/640/480/', '2021-08-20 19:00:27', 'inventore-est-consequatur-molestiae-quibusdam-est-qui', 1, 168),
(161, 'Neque velit ducimus enim ut laudantium suscipit odio voluptas.', 'Nihil amet in distinctio necessitatibus libero qui assumenda. Praesentium ipsa eaque consectetur doloremque ipsa nisi. Eos dicta nostrum dicta eveniet eaque.', 'http://lorempixel.com/640/480/', '2021-09-13 17:43:00', 'neque-velit-ducimus-enim-ut-laudantium-suscipit-odio-voluptas', 1, 131),
(162, 'Eos dolor et quaerat et suscipit laudantium.', 'Blanditiis nihil repellat atque impedit vel tempora. Omnis molestias reiciendis consequuntur veniam.', 'http://lorempixel.com/640/480/', '2021-05-10 07:13:50', 'eos-dolor-et-quaerat-et-suscipit-laudantium', 1, 113),
(163, 'Eligendi inventore assumenda corporis cupiditate rem ab.', 'Dolorem qui itaque totam facere ratione iure ut. Necessitatibus nulla doloremque nisi ipsam sed omnis nihil.', 'http://lorempixel.com/640/480/', '2021-05-18 21:38:07', 'eligendi-inventore-assumenda-corporis-cupiditate-rem-ab', 0, 202),
(164, 'Molestiae impedit commodi in est.', 'Quis dolor iste non nihil. In consequatur est consequatur aut assumenda.', 'http://lorempixel.com/640/480/', '2021-07-10 03:23:50', 'molestiae-impedit-commodi-in-est', 0, 140),
(165, 'Molestias ut quo fugiat minus illo perspiciatis et.', 'Cumque deleniti suscipit impedit id et neque quae. Ad dolor aut enim minima voluptas. Repellat eius minus hic et temporibus sunt nihil aut. Sed cupiditate quia id dolores.', 'http://lorempixel.com/640/480/', '2021-06-26 10:00:42', 'molestias-ut-quo-fugiat-minus-illo-perspiciatis-et', 1, 169),
(166, 'Atque adipisci sint non molestiae est omnis iusto a.', 'Tenetur tempore voluptas non explicabo animi assumenda. Consequuntur ab dolore libero voluptas. Molestiae et illum non. Dolorum rerum delectus nesciunt enim.', 'http://lorempixel.com/640/480/', '2021-06-07 03:10:21', 'atque-adipisci-sint-non-molestiae-est-omnis-iusto-a', 0, 77),
(167, 'Quia culpa consequatur sint asperiores eaque quos autem ipsa est consequatur.', 'Dolorum nobis ipsa exercitationem rerum voluptatem non doloremque. Iusto dolores voluptatibus explicabo sequi ut non quos est. Voluptatem doloremque numquam praesentium et enim.', 'http://lorempixel.com/640/480/', '2021-09-26 08:42:20', 'quia-culpa-consequatur-sint-asperiores-eaque-quos-autem-ipsa-est-consequatur', 0, 80),
(168, 'Facilis numquam dolores maiores laudantium non eaque dicta.', 'Est ducimus magni doloribus est cumque. Molestias consequatur explicabo cumque dolorem alias porro voluptatem. Dicta at tempora non vitae placeat.', 'http://lorempixel.com/640/480/', '2021-05-29 19:25:54', 'facilis-numquam-dolores-maiores-laudantium-non-eaque-dicta', 0, 130),
(169, 'Deleniti vel aut qui qui iure sed.', 'Sit et consequuntur accusamus omnis molestiae. Omnis ipsam enim et iste. Sit sit facere sequi.', 'http://lorempixel.com/640/480/', '2021-05-05 21:35:12', 'deleniti-vel-aut-qui-qui-iure-sed', 1, 157),
(170, 'Eligendi culpa qui similique aut.', 'Reprehenderit necessitatibus optio quod reiciendis qui et sed. Praesentium corrupti nam quos sunt excepturi dolorum dolor. Quia dolor ut itaque voluptas odit saepe nihil.', 'http://lorempixel.com/640/480/', '2021-10-10 18:55:57', 'eligendi-culpa-qui-similique-aut', 0, 96),
(171, 'Minus magni exercitationem porro id sint quisquam.', 'Quaerat asperiores totam sit nobis magnam consectetur possimus. Sed rem sequi iste deserunt accusamus. Ea cumque et culpa in eos dolorem. Non quis sequi impedit ratione voluptatem ea accusantium.', 'http://lorempixel.com/640/480/', '2021-08-19 08:25:31', 'minus-magni-exercitationem-porro-id-sint-quisquam', 1, 130),
(172, 'Rem eos labore ut animi.', 'Rem voluptas est possimus repellat vel. Quia expedita aspernatur quaerat et in quibusdam. Hic iusto dolor culpa exercitationem possimus. A sint inventore quam omnis ut sit eum.', 'http://lorempixel.com/640/480/', '2021-09-17 17:36:14', 'rem-eos-labore-ut-animi', 1, 195),
(173, 'Iste ut optio voluptatem reprehenderit qui consequuntur repellendus est vel labore quasi non labore.', 'Alias recusandae nesciunt hic cum blanditiis deserunt et. Quia enim eius aliquid facere velit autem tempora. Cum enim repellendus nobis eveniet. Minima labore velit eius quam ullam.', 'http://lorempixel.com/640/480/', '2021-05-04 08:44:40', 'iste-ut-optio-voluptatem-reprehenderit-qui-consequuntur-repellendus-est-vel-labore-quasi-non-labore', 1, 52),
(174, 'Ut non sunt est deserunt quisquam tempore ut.', 'Aut optio est consequuntur ab fugit. Laborum et quasi eius aut facere. Dolorum enim accusamus rerum. Architecto ab accusantium illo similique eos officia odit illum.', 'http://lorempixel.com/640/480/', '2021-07-13 06:57:57', 'ut-non-sunt-est-deserunt-quisquam-tempore-ut', 0, 127),
(175, 'Praesentium qui vel cupiditate non enim expedita temporibus enim asperiores magnam.', 'Dolorem rerum facere excepturi. Soluta id nobis quae optio nobis porro. Omnis quo in itaque harum facere incidunt.', 'http://lorempixel.com/640/480/', '2021-08-06 03:52:55', 'praesentium-qui-vel-cupiditate-non-enim-expedita-temporibus-enim-asperiores-magnam', 0, 55),
(176, 'Repellendus unde nulla atque similique ut culpa maxime similique natus sed.', 'Repellendus officia libero quisquam. Fuga ut eum vitae omnis ea odit dolor consectetur. Recusandae aut dolorem eos corporis saepe. Non sit aut asperiores voluptatum dolorem quaerat.', 'http://lorempixel.com/640/480/', '2021-10-08 19:54:16', 'repellendus-unde-nulla-atque-similique-ut-culpa-maxime-similique-natus-sed', 0, 159),
(177, 'Et inventore praesentium voluptatum qui impedit occaecati.', 'Et consectetur et magni quo amet molestiae. Numquam voluptatibus distinctio sed sapiente. Est velit reprehenderit consequatur possimus eligendi adipisci. Ex voluptas omnis neque officia aspernatur.', 'http://lorempixel.com/640/480/', '2021-05-26 14:17:44', 'et-inventore-praesentium-voluptatum-qui-impedit-occaecati', 0, 69),
(178, 'Amet reiciendis repudiandae minus quia et vitae dolor ut doloribus.', 'Voluptas autem sunt ea voluptates debitis corporis itaque. Perferendis corporis provident non assumenda non consequatur ut. Quo voluptates rerum iusto quidem porro.', 'http://lorempixel.com/640/480/', '2021-07-22 11:34:07', 'amet-reiciendis-repudiandae-minus-quia-et-vitae-dolor-ut-doloribus', 1, 158),
(179, 'Repellat laborum distinctio officiis in ut aperiam sunt rerum.', 'Ut quia dolores ea inventore. Error tenetur voluptatem veritatis consequatur beatae. Provident incidunt ducimus voluptate voluptates.', 'http://lorempixel.com/640/480/', '2021-07-05 01:09:07', 'repellat-laborum-distinctio-officiis-in-ut-aperiam-sunt-rerum', 0, 164),
(180, 'Sunt assumenda fugiat voluptas blanditiis culpa praesentium dicta aliquid.', 'Et sunt non culpa qui impedit cupiditate libero. Molestiae recusandae quam voluptatem ut. Fugiat quia ipsam in voluptate qui et.', 'http://lorempixel.com/640/480/', '2021-10-13 21:51:56', 'sunt-assumenda-fugiat-voluptas-blanditiis-culpa-praesentium-dicta-aliquid', 0, 72),
(181, 'Mollitia labore enim laboriosam omnis velit magnam.', 'Necessitatibus eos delectus repudiandae sunt praesentium et atque. Impedit possimus sit consectetur aliquid architecto odit.', 'http://lorempixel.com/640/480/', '2021-06-24 08:14:20', 'mollitia-labore-enim-laboriosam-omnis-velit-magnam', 1, 60),
(182, 'Quas voluptatum qui deserunt expedita aut est quas iure quis et cum ea eum.', 'Possimus dolores dolor sit error est pariatur. Officia et error nesciunt libero. Totam consequatur quas repellat.', 'http://lorempixel.com/640/480/', '2021-06-26 00:51:37', 'quas-voluptatum-qui-deserunt-expedita-aut-est-quas-iure-quis-et-cum-ea-eum', 1, 147),
(183, 'Tempore mollitia fuga dolores inventore minus placeat qui ex et.', 'Ratione eius placeat iure dignissimos ratione culpa. Aut recusandae vitae ea nam. Quo molestiae magni incidunt ut sunt blanditiis. Cumque enim sed provident ad.', 'http://lorempixel.com/640/480/', '2021-07-26 21:48:27', 'tempore-mollitia-fuga-dolores-inventore-minus-placeat-qui-ex-et', 1, 108),
(184, 'Minima adipisci repellat quia officiis.', 'Quasi perferendis tempora fugiat deserunt aliquid provident. Eos inventore quidem commodi delectus. Non eos quos eum quaerat officia alias. Sed vel est vero corrupti aut saepe aut.', 'http://lorempixel.com/640/480/', '2021-10-05 19:40:07', 'minima-adipisci-repellat-quia-officiis', 1, 14),
(185, 'Quia provident corporis eos fugit.', 'Accusamus a quos repellendus asperiores harum ab. Est fuga doloremque vel. Ut quo voluptatem consequuntur voluptas. Quia quia sit possimus repudiandae ullam asperiores voluptates.', 'http://lorempixel.com/640/480/', '2021-08-09 17:42:30', 'quia-provident-corporis-eos-fugit', 0, 139),
(186, 'Veritatis fugiat velit sint odit voluptas asperiores.', 'Nobis et ut unde itaque eius perspiciatis. Eum fuga amet et modi maxime quos eum. Qui aut ut molestiae nisi quo. Quo eum autem consequatur nulla corporis ut et.', 'http://lorempixel.com/640/480/', '2021-10-14 20:20:33', 'veritatis-fugiat-velit-sint-odit-voluptas-asperiores', 0, 199),
(187, 'Odio cum aut ipsam atque adipisci pariatur maiores.', 'Repellendus neque officiis qui. Dignissimos magnam nisi sit quia a.', 'http://lorempixel.com/640/480/', '2021-08-07 09:01:50', 'odio-cum-aut-ipsam-atque-adipisci-pariatur-maiores', 0, 114),
(188, 'Reprehenderit nemo est qui dolore nesciunt veniam mollitia harum nihil consequuntur non omnis nam.', 'Nemo veritatis eum molestias debitis quas rerum ut. Consectetur maiores ipsum possimus quas. Voluptate voluptas ad consequatur. Quae veniam minima optio consequatur modi soluta.', 'http://lorempixel.com/640/480/', '2021-08-30 14:06:41', 'reprehenderit-nemo-est-qui-dolore-nesciunt-veniam-mollitia-harum-nihil-consequuntur-non-omnis-nam', 1, 88),
(189, 'Nobis et id tenetur odio neque asperiores nulla.', 'Tempora libero dolorem quasi quia. A qui velit ducimus laboriosam officia. Consequatur sit enim ut eos dolores eum autem.', 'http://lorempixel.com/640/480/', '2021-06-07 22:09:32', 'nobis-et-id-tenetur-odio-neque-asperiores-nulla', 1, 115),
(190, 'Cupiditate dolor reprehenderit culpa dolores aut.', 'Cumque iusto voluptas pariatur quod minus sit iste. Animi repudiandae nisi pariatur sint. Voluptas molestiae dolore qui et at est sint. Distinctio id qui fuga quibusdam.', 'http://lorempixel.com/640/480/', '2021-09-29 03:52:19', 'cupiditate-dolor-reprehenderit-culpa-dolores-aut', 1, 202),
(191, 'Ipsa explicabo quasi est aut perferendis quia occaecati.', 'Sed ad et aut dolorem aut omnis optio et. Eius qui voluptas ut dolorem et. Est eos et qui nostrum unde.', 'http://lorempixel.com/640/480/', '2021-08-04 12:30:54', 'ipsa-explicabo-quasi-est-aut-perferendis-quia-occaecati', 1, 204),
(192, 'Et ipsam reiciendis sit laudantium quod dolor.', 'Quia qui voluptatum natus officiis. Labore repellat officiis alias aut possimus. Aut perspiciatis aut illum sit animi optio nihil.', 'http://lorempixel.com/640/480/', '2021-07-01 08:05:21', 'et-ipsam-reiciendis-sit-laudantium-quod-dolor', 0, 195),
(193, 'Est modi voluptatem dolorem occaecati ut molestiae.', 'Rerum tempore fugit quasi ipsam ut molestiae. Sit dolorum quidem et ea. Voluptatibus et error harum modi.', 'http://lorempixel.com/640/480/', '2021-10-02 23:55:22', 'est-modi-voluptatem-dolorem-occaecati-ut-molestiae', 1, 36),
(194, 'Necessitatibus voluptatem dolorum mollitia aliquid accusantium.', 'Omnis facilis reprehenderit dolores. Ex nihil deserunt deserunt veniam. Molestiae magni et odit at at est vero.', 'http://lorempixel.com/640/480/', '2021-08-30 10:22:32', 'necessitatibus-voluptatem-dolorum-mollitia-aliquid-accusantium', 1, 194),
(195, 'Ex et fugit eius sunt dolorem aspernatur.', 'Repellat pariatur autem quos. Tempora ut eos temporibus consequatur fugit harum quia. In hic exercitationem ut voluptas et.', 'http://lorempixel.com/640/480/', '2021-08-12 05:23:12', 'ex-et-fugit-eius-sunt-dolorem-aspernatur', 1, 118),
(196, 'Doloribus voluptatibus et ab sapiente reiciendis.', 'Unde iure esse totam voluptas velit. Corporis rerum quos ea aut ea animi. Commodi est pariatur recusandae culpa. Doloribus magnam beatae eveniet et in enim soluta.', 'http://lorempixel.com/640/480/', '2021-09-23 20:24:11', 'doloribus-voluptatibus-et-ab-sapiente-reiciendis', 1, 98),
(197, 'Delectus non quaerat ipsam vel libero ea.', 'Necessitatibus temporibus explicabo placeat eligendi. Magni eum consequuntur explicabo quas ipsa ut. Velit voluptatem quidem illum.', 'http://lorempixel.com/640/480/', '2021-04-25 22:55:57', 'delectus-non-quaerat-ipsam-vel-libero-ea', 1, 17),
(198, 'Quia ut rerum occaecati earum delectus adipisci.', 'Aspernatur accusamus molestias vel iusto. Nihil impedit at voluptatem eos. Est rerum voluptatem quisquam.', 'http://lorempixel.com/640/480/', '2021-05-23 17:02:09', 'quia-ut-rerum-occaecati-earum-delectus-adipisci', 1, 23),
(199, 'Rerum harum vero harum omnis magnam et alias ratione.', 'Nostrum dignissimos pariatur impedit sed aut. Quis omnis quia omnis sit et. Eum consequatur et alias aut dolores temporibus.', 'http://lorempixel.com/640/480/', '2021-05-11 23:04:37', 'rerum-harum-vero-harum-omnis-magnam-et-alias-ratione', 0, 164),
(200, 'Enim molestiae illum qui consequatur atque et asperiores.', 'Distinctio ducimus quod facere quos temporibus unde nihil. Et ipsum vero et. Quae saepe dolores est eligendi. Fuga ullam numquam atque et. In soluta amet facilis nemo architecto eos.', 'http://lorempixel.com/640/480/', '2021-05-11 02:49:20', 'enim-molestiae-illum-qui-consequatur-atque-et-asperiores', 1, 30),
(201, 'Non temporibus error aut.', 'Esse voluptates omnis et sed voluptatibus. Vero nulla corrupti dolores rerum praesentium rem modi vero. Ea ratione impedit sed ipsam officiis.', 'http://lorempixel.com/640/480/', '2021-05-23 20:53:01', 'non-temporibus-error-aut', 0, 129),
(202, 'Eos qui molestias quo recusandae enim vitae dicta quidem quidem.', 'Et impedit sed dolor. Eius sunt accusantium quis esse numquam fuga. Adipisci ad voluptatibus totam rem quo nisi est ut. Eum quibusdam placeat et fugit. Expedita sit tempora rerum ad.', 'http://lorempixel.com/640/480/', '2021-04-27 09:14:49', 'eos-qui-molestias-quo-recusandae-enim-vitae-dicta-quidem-quidem', 1, 197),
(203, 'Id non incidunt libero tempore ad dolorem est.', 'Omnis aut non modi iusto. Dignissimos saepe sapiente aut facilis beatae eos dolore. Dicta voluptatem suscipit delectus nisi. Cupiditate voluptatibus ut molestias fugit non doloremque omnis ducimus.', 'http://lorempixel.com/640/480/', '2021-04-30 22:02:53', 'id-non-incidunt-libero-tempore-ad-dolorem-est', 0, 185),
(204, 'Voluptas omnis veniam praesentium et odio distinctio vel odio.', 'Enim quia dolorem doloribus quasi suscipit at. Vel id est amet alias hic cumque illo voluptas. Reiciendis voluptates voluptates sapiente consequatur vitae nam ipsa.', 'http://lorempixel.com/640/480/', '2021-08-01 05:37:27', 'voluptas-omnis-veniam-praesentium-et-odio-distinctio-vel-odio', 1, 19),
(205, 'Sed quaerat sequi sit sed possimus iste.', 'Officia non et aut numquam cumque perspiciatis autem error. Debitis ea et voluptatem ullam. Enim officia voluptate non minus.', 'http://lorempixel.com/640/480/', '2021-09-04 06:19:59', 'sed-quaerat-sequi-sit-sed-possimus-iste', 1, 52),
(206, 'Beatae dignissimos est dolores et facilis quia nobis enim tempore quasi.', 'Ipsam molestiae culpa ut aut sed inventore. Corrupti quibusdam ratione nesciunt reiciendis temporibus corporis voluptatum.', 'http://lorempixel.com/640/480/', '2021-06-01 17:04:36', 'beatae-dignissimos-est-dolores-et-facilis-quia-nobis-enim-tempore-quasi', 0, 124),
(207, 'Dolor quo quis accusamus.', 'Dolorem optio et laudantium quas quae. Ut dignissimos cum corrupti ratione nihil ut. Voluptate quam nostrum voluptas ut.', 'http://lorempixel.com/640/480/', '2021-05-12 07:33:06', 'dolor-quo-quis-accusamus', 1, 69),
(208, 'Et voluptatem earum fugiat delectus.', 'Sequi tempora a nihil. Numquam ad nemo hic nostrum itaque. Dolore facilis ut impedit est.', 'http://lorempixel.com/640/480/', '2021-09-07 11:56:37', 'et-voluptatem-earum-fugiat-delectus', 1, 207),
(209, 'In nisi tempore quia ab vel porro dignissimos totam.', 'Et quis hic id ad iste dicta. Sit voluptas sequi consequatur vel quibusdam. Rerum sunt fugit et laborum quo assumenda est. Tempora excepturi est distinctio neque ullam modi.', 'http://lorempixel.com/640/480/', '2021-05-07 11:55:16', 'in-nisi-tempore-quia-ab-vel-porro-dignissimos-totam', 1, 207),
(210, 'Aut ipsam eveniet sint quam non qui mollitia expedita quidem aut ut necessitatibus exercitationem.', 'Est nobis sunt eum. Id rerum magni rem nihil sunt placeat. Ut quae temporibus tempora aut aliquid. Veritatis enim quibusdam nam laboriosam.', 'http://lorempixel.com/640/480/', '2021-09-02 23:28:27', 'aut-ipsam-eveniet-sint-quam-non-qui-mollitia-expedita-quidem-aut-ut-necessitatibus-exercitationem', 0, 31),
(211, 'Veritatis ex et autem omnis veritatis sunt.', 'Quisquam nesciunt pariatur molestiae aut eligendi officiis quia. Ut est vero molestias quo sit. Architecto est at eos quis nobis.', 'http://lorempixel.com/640/480/', '2021-08-18 17:43:31', 'veritatis-ex-et-autem-omnis-veritatis-sunt', 0, 75),
(212, 'Voluptatem quam quas rerum placeat nostrum.', 'Odio delectus quia ut est ipsa maiores laborum. Cum ut in et eveniet et ex. Consequatur neque eum itaque ea ullam. Non animi nobis et a.', 'http://lorempixel.com/640/480/', '2021-07-21 13:54:06', 'voluptatem-quam-quas-rerum-placeat-nostrum', 0, 123),
(213, 'Quia qui iusto fugiat qui voluptatem minima et recusandae.', 'Ut ratione earum et qui et perspiciatis nostrum. Animi similique et amet voluptates sit magnam ut. Aut ipsa nihil recusandae et alias. Iure repudiandae animi maiores voluptas dignissimos.', 'http://lorempixel.com/640/480/', '2021-05-05 20:42:25', 'quia-qui-iusto-fugiat-qui-voluptatem-minima-et-recusandae', 0, 159),
(214, 'Est nobis culpa cum rerum quia ipsam molestias quisquam iste.', 'Accusamus eum ipsum id voluptates explicabo excepturi aut eos. Non totam eum placeat impedit ut. Rerum id possimus vero ea ex non autem ducimus.', 'http://lorempixel.com/640/480/', '2021-06-08 08:06:39', 'est-nobis-culpa-cum-rerum-quia-ipsam-molestias-quisquam-iste', 0, 69),
(215, 'Dolor nulla dicta molestiae est magni facilis in ut.', 'Beatae exercitationem debitis quibusdam error deleniti nemo. Omnis repellat molestias dolorem. Sequi inventore magnam beatae.', 'http://lorempixel.com/640/480/', '2021-04-27 14:01:00', 'dolor-nulla-dicta-molestiae-est-magni-facilis-in-ut', 0, 86),
(216, 'Deserunt dolor nulla qui eaque.', 'Suscipit nihil assumenda magnam est nulla hic voluptate. Est voluptas possimus est ullam.', 'http://lorempixel.com/640/480/', '2021-07-16 10:18:46', 'deserunt-dolor-nulla-qui-eaque', 1, 212),
(217, 'Quia ratione dignissimos quam aspernatur est maiores laboriosam dolorum placeat.', 'Accusamus temporibus sunt quo omnis excepturi vero. Eum ut nulla sed sint soluta aliquid. Nobis et aut distinctio tempore maiores at aliquid iusto.', 'http://lorempixel.com/640/480/', '2021-04-20 03:42:04', 'quia-ratione-dignissimos-quam-aspernatur-est-maiores-laboriosam-dolorum-placeat', 0, 29),
(218, 'Nihil et perferendis impedit dolor tempore fugiat rerum pariatur vel.', 'Dolorem sed quisquam nihil nihil occaecati sapiente at. Pariatur inventore saepe recusandae ex quasi. Unde qui qui sunt autem ipsum cupiditate.', 'http://lorempixel.com/640/480/', '2021-07-28 18:00:36', 'nihil-et-perferendis-impedit-dolor-tempore-fugiat-rerum-pariatur-vel', 0, 16),
(219, 'Recusandae mollitia aut adipisci ut quis qui.', 'Veritatis est consequatur sint ut asperiores facilis voluptas consequatur. Maiores nihil vero quo modi ipsam rerum accusamus aut. Occaecati quia qui natus ad soluta illo provident.', 'http://lorempixel.com/640/480/', '2021-08-28 06:20:06', 'recusandae-mollitia-aut-adipisci-ut-quis-qui', 1, 206),
(220, 'Voluptatibus ut molestias aspernatur in nemo nihil ut.', 'Et numquam et voluptas vel. Inventore deleniti est ut magnam qui a quae voluptates. Sunt vitae repudiandae amet laboriosam labore totam earum.', 'http://lorempixel.com/640/480/', '2021-07-03 03:25:19', 'voluptatibus-ut-molestias-aspernatur-in-nemo-nihil-ut', 1, 211),
(221, 'Enim beatae iusto deserunt doloremque dolores id quidem ipsa.', 'Rerum laboriosam accusamus blanditiis corporis iusto suscipit est. Dolore maxime deserunt est magni quasi aliquam. Id tempora ab sit dolor distinctio.', 'http://lorempixel.com/640/480/', '2021-04-15 19:44:35', 'enim-beatae-iusto-deserunt-doloremque-dolores-id-quidem-ipsa', 0, 27),
(222, 'Reiciendis sint corporis veniam quis cupiditate totam totam aliquid mollitia in.', 'Eum pariatur ad laudantium dolor reiciendis animi. Optio ipsa ab reprehenderit omnis. Vel odio iusto a qui. Ipsum vel reprehenderit adipisci aliquid voluptatem.', 'http://lorempixel.com/640/480/', '2021-10-15 09:48:20', 'reiciendis-sint-corporis-veniam-quis-cupiditate-totam-totam-aliquid-mollitia-in', 1, 201),
(223, 'Omnis voluptas accusantium soluta ex illo adipisci sint pariatur.', 'Voluptatem corporis soluta et qui quo aut. Nulla quisquam distinctio doloremque labore. Excepturi quis rem sint. Ipsa qui quisquam iste harum.', 'http://lorempixel.com/640/480/', '2021-09-25 23:17:07', 'omnis-voluptas-accusantium-soluta-ex-illo-adipisci-sint-pariatur', 0, 184),
(224, 'Adipisci voluptatem dolor rerum omnis repudiandae odio aspernatur quo.', 'Eos veniam nulla illo corrupti cum non. Id ipsum alias iure autem et asperiores. Rem ex enim facere a. Et animi deserunt eligendi ut. Aut omnis et et quis sint odit.', 'http://lorempixel.com/640/480/', '2021-08-19 23:33:11', 'adipisci-voluptatem-dolor-rerum-omnis-repudiandae-odio-aspernatur-quo', 0, 14),
(225, 'Laudantium autem impedit sit velit praesentium doloremque perferendis.', 'Optio totam id velit ut non veniam ut. Facere ipsam optio animi porro ut quia. Nesciunt aut debitis atque voluptatem porro quia.', 'http://lorempixel.com/640/480/', '2021-07-02 11:40:23', 'laudantium-autem-impedit-sit-velit-praesentium-doloremque-perferendis', 0, 119),
(226, 'Et aut aliquam laudantium ad sunt voluptatem sit atque et.', 'Ea omnis quasi veritatis vel ex velit. Ratione aperiam et ipsa sed ullam dolorem maxime dignissimos.', 'http://lorempixel.com/640/480/', '2021-06-30 05:14:56', 'et-aut-aliquam-laudantium-ad-sunt-voluptatem-sit-atque-et', 0, 74),
(227, 'Excepturi repellendus ut perspiciatis perferendis non non molestiae expedita in.', 'Dicta provident atque et qui et dolorum voluptatem sunt. Iure modi natus ut in dignissimos sed. Eum ea similique ut voluptate.', 'http://lorempixel.com/640/480/', '2021-04-23 19:32:59', 'excepturi-repellendus-ut-perspiciatis-perferendis-non-non-molestiae-expedita-in', 1, 194),
(228, 'Et et reiciendis recusandae dolor sed repudiandae molestiae accusamus distinctio.', 'Esse quia repudiandae distinctio. Tempore et et eaque architecto neque libero. Eius consequatur commodi aspernatur. Aut voluptatum repellat provident aut perferendis quo voluptatibus in.', 'http://lorempixel.com/640/480/', '2021-09-04 13:23:04', 'et-et-reiciendis-recusandae-dolor-sed-repudiandae-molestiae-accusamus-distinctio', 0, 178),
(229, 'Sunt voluptas alias dolor et nihil maxime quidem est voluptas sit aliquam.', 'Voluptatem eveniet sit voluptatem repellendus optio. Aut accusantium ea qui vitae et nihil. Id voluptas perspiciatis quo minus dolorem perferendis qui consectetur. Qui laboriosam occaecati harum.', 'http://lorempixel.com/640/480/', '2021-08-08 21:25:37', 'sunt-voluptas-alias-dolor-et-nihil-maxime-quidem-est-voluptas-sit-aliquam', 1, 125),
(230, 'Quia eum voluptatem illo sunt minus deserunt praesentium dolor nulla eligendi fugit doloribus incidunt.', 'Dignissimos similique ut atque deserunt natus accusantium. Sed facere ut veniam unde et. Illo illo adipisci quas aut ea eum.', 'http://lorempixel.com/640/480/', '2021-06-22 05:03:16', 'quia-eum-voluptatem-illo-sunt-minus-deserunt-praesentium-dolor-nulla-eligendi-fugit-doloribus-incidunt', 0, 197),
(231, 'Impedit quo omnis deserunt ratione impedit voluptas qui nostrum modi et consequatur necessitatibus.', 'Voluptas laborum odio in. Amet fuga qui quo reiciendis. Impedit rerum nihil unde perspiciatis repudiandae eligendi.', 'http://lorempixel.com/640/480/', '2021-06-11 16:46:31', 'impedit-quo-omnis-deserunt-ratione-impedit-voluptas-qui-nostrum-modi-et-consequatur-necessitatibus', 0, 169),
(232, 'Aut quasi vel minus vel a animi.', 'Voluptas non dolores dolores sed pariatur. Enim et necessitatibus non est modi minima exercitationem quisquam. Nihil doloremque omnis expedita ducimus atque vel esse.', 'http://lorempixel.com/640/480/', '2021-07-05 15:58:06', 'aut-quasi-vel-minus-vel-a-animi', 0, 151),
(233, 'Nemo adipisci ex impedit vitae quis corrupti repudiandae consequatur et vitae.', 'Itaque sunt ut odio. Eveniet aperiam expedita eos vero voluptate inventore. Ad odit suscipit cumque quaerat corrupti qui in sed. Sequi laborum delectus ipsa temporibus.', 'http://lorempixel.com/640/480/', '2021-04-28 14:11:44', 'nemo-adipisci-ex-impedit-vitae-quis-corrupti-repudiandae-consequatur-et-vitae', 0, 69),
(234, 'Impedit dolorem nisi rem ut et aperiam illum illo soluta iusto.', 'Rerum dolorem fuga enim distinctio dignissimos molestiae. Similique adipisci quaerat excepturi harum. Similique non provident voluptas et nulla.', 'http://lorempixel.com/640/480/', '2021-06-24 10:00:20', 'impedit-dolorem-nisi-rem-ut-et-aperiam-illum-illo-soluta-iusto', 1, 128),
(235, 'Necessitatibus quidem ut dignissimos sit et reprehenderit nostrum.', 'Id ut eius nemo autem facere. Maxime exercitationem omnis et.', 'http://lorempixel.com/640/480/', '2021-07-04 08:00:29', 'necessitatibus-quidem-ut-dignissimos-sit-et-reprehenderit-nostrum', 0, 62),
(236, 'Et eius consectetur nobis eos cum porro alias et.', 'Voluptatibus quaerat enim eligendi facilis a. Adipisci laboriosam eum quis possimus iste pariatur vero est. Molestias enim nam doloribus ullam dolor.', 'http://lorempixel.com/640/480/', '2021-09-25 22:16:39', 'et-eius-consectetur-nobis-eos-cum-porro-alias-et', 0, 143),
(237, 'Qui aut repellendus quibusdam magnam quos voluptate.', 'Occaecati et et accusantium voluptatem architecto. Adipisci ex dignissimos et modi. Incidunt blanditiis laboriosam ipsa expedita voluptates.', 'http://lorempixel.com/640/480/', '2021-09-19 09:11:39', 'qui-aut-repellendus-quibusdam-magnam-quos-voluptate', 1, 51),
(238, 'Consequatur earum animi rerum accusamus mollitia non a molestias tempora dignissimos earum eos.', 'Quidem non cupiditate incidunt quibusdam vel non eveniet. Pariatur ad optio optio. Harum est nisi corporis repudiandae et temporibus nostrum. Recusandae voluptatem impedit natus rerum ab.', 'http://lorempixel.com/640/480/', '2021-05-04 03:24:47', 'consequatur-earum-animi-rerum-accusamus-mollitia-non-a-molestias-tempora-dignissimos-earum-eos', 1, 73),
(239, 'Distinctio repudiandae reiciendis unde fugit iusto consequatur et eligendi nulla quia rerum.', 'Repellendus labore sint aut nisi. Ut labore id eos odio cupiditate. Soluta qui dolores facilis eligendi beatae.', 'http://lorempixel.com/640/480/', '2021-05-04 21:32:54', 'distinctio-repudiandae-reiciendis-unde-fugit-iusto-consequatur-et-eligendi-nulla-quia-rerum', 1, 175),
(240, 'Exercitationem error repellat eveniet reiciendis sequi sed ea reprehenderit aliquid autem.', 'Quod sapiente blanditiis ratione qui et quia. Est enim vitae sapiente quas sit. Facere dolores officiis maiores sed numquam id.', 'http://lorempixel.com/640/480/', '2021-08-27 01:30:44', 'exercitationem-error-repellat-eveniet-reiciendis-sequi-sed-ea-reprehenderit-aliquid-autem', 0, 135),
(241, 'Est maxime sed ex assumenda ratione assumenda et excepturi.', 'Repudiandae quos eveniet assumenda animi. Mollitia qui expedita vel rerum harum natus cumque aut. Eos nisi voluptatum architecto amet non.', 'http://lorempixel.com/640/480/', '2021-09-08 08:23:11', 'est-maxime-sed-ex-assumenda-ratione-assumenda-et-excepturi', 1, 149),
(242, 'At qui aut temporibus dolorem odit pariatur non delectus ullam alias.', 'Voluptate illo assumenda amet sint totam eius nam. Deserunt quia consectetur ut quis et animi. Doloribus aut quis et quis voluptas eaque debitis quam. Qui sint veniam temporibus sint.', 'http://lorempixel.com/640/480/', '2021-08-08 04:50:30', 'at-qui-aut-temporibus-dolorem-odit-pariatur-non-delectus-ullam-alias', 1, 158),
(243, 'Eum sint earum qui eum ab facere.', 'Nesciunt suscipit illo ex rerum distinctio maiores eos. Dolores ea cupiditate atque voluptatem optio aut. Qui at et reprehenderit.', 'http://lorempixel.com/640/480/', '2021-05-28 17:09:47', 'eum-sint-earum-qui-eum-ab-facere', 0, 159),
(244, 'Libero inventore quia eos voluptatem tenetur et.', 'Fugit ad atque sed. Nesciunt rem debitis sit quam omnis ut. Qui exercitationem quam nihil velit consequuntur. Voluptatem quos laborum aut aut sint cupiditate. Fuga rem ad adipisci.', 'http://lorempixel.com/640/480/', '2021-07-21 14:33:44', 'libero-inventore-quia-eos-voluptatem-tenetur-et', 1, 104),
(245, 'Repudiandae dolorum quod possimus error minima vero.', 'Ipsum quod error illum vel in molestiae. Eum reprehenderit accusamus fugit nostrum fuga. Omnis saepe ab sunt sint. Sequi eveniet cum fuga omnis non omnis perferendis. Aut in et exercitationem ut.', 'http://lorempixel.com/640/480/', '2021-07-31 04:33:38', 'repudiandae-dolorum-quod-possimus-error-minima-vero', 1, 81),
(246, 'Et quod dolor recusandae quia qui atque ut mollitia rerum.', 'Molestiae voluptatibus laudantium qui. Voluptatem possimus tenetur ut ea inventore consequatur. Id rem quis aut ea.', 'http://lorempixel.com/640/480/', '2021-08-16 17:17:54', 'et-quod-dolor-recusandae-quia-qui-atque-ut-mollitia-rerum', 1, 77),
(247, 'Repudiandae aut error neque molestiae accusantium ratione possimus possimus vitae voluptates.', 'Incidunt placeat rem impedit exercitationem. Sapiente doloremque ut dolorem asperiores a aspernatur. Omnis non excepturi nostrum quia quas et. Eveniet vitae est quisquam excepturi ut in.', 'http://lorempixel.com/640/480/', '2021-07-24 13:29:27', 'repudiandae-aut-error-neque-molestiae-accusantium-ratione-possimus-possimus-vitae-voluptates', 0, 147),
(248, 'Omnis repellendus ducimus porro quis qui eligendi unde.', 'Nulla explicabo optio quae consectetur autem tempora. Magni autem repellat numquam dolorem itaque ab molestiae. Et voluptatem dolorum ut ut qui corrupti.', 'http://lorempixel.com/640/480/', '2021-07-27 15:36:20', 'omnis-repellendus-ducimus-porro-quis-qui-eligendi-unde', 1, 56),
(249, 'Omnis commodi sint sint odio quae aliquam cum.', 'Qui sapiente facilis est. Laboriosam eveniet facilis magnam ut rerum. Veniam omnis ab rerum nemo ducimus commodi non.', 'http://lorempixel.com/640/480/', '2021-07-29 03:09:05', 'omnis-commodi-sint-sint-odio-quae-aliquam-cum', 1, 199),
(250, 'Dolor et harum in praesentium quia repellat non et esse.', 'Tenetur iure et dolores similique cupiditate placeat. Velit sed dolor exercitationem sed excepturi. Ratione veniam sed est et ea voluptatem dolorem. Ea at non voluptatem voluptatibus quia eos.', 'http://lorempixel.com/640/480/', '2021-04-28 04:38:57', 'dolor-et-harum-in-praesentium-quia-repellat-non-et-esse', 0, 60),
(251, 'Totam a et provident amet et occaecati tenetur et eligendi eligendi.', 'Qui tempora ea voluptas enim maxime sit. Aut repellat sequi corrupti alias omnis voluptates. Error praesentium repudiandae quo accusantium a sint velit et.', 'http://lorempixel.com/640/480/', '2021-06-01 08:34:20', 'totam-a-et-provident-amet-et-occaecati-tenetur-et-eligendi-eligendi', 1, 18),
(252, 'Similique aliquam quis nemo amet sed assumenda.', 'Facere quia quia omnis magnam temporibus error. Voluptatem vitae voluptate nulla expedita quia aliquam et.', 'http://lorempixel.com/640/480/', '2021-09-27 11:25:22', 'similique-aliquam-quis-nemo-amet-sed-assumenda', 1, 136),
(253, 'Quia impedit nulla necessitatibus aut ducimus consequuntur reprehenderit saepe sed.', 'Consectetur id numquam consequatur laborum et consectetur. Veritatis vel amet quidem dolorem. Animi incidunt qui et expedita. Nam sit possimus impedit sint rerum.', 'http://lorempixel.com/640/480/', '2021-08-29 07:57:15', 'quia-impedit-nulla-necessitatibus-aut-ducimus-consequuntur-reprehenderit-saepe-sed', 0, 178),
(254, 'Ea sunt quo inventore repudiandae velit numquam pariatur corporis sed quia et.', 'Blanditiis iste repellat excepturi quam. Et et odio nihil rerum velit ut. Quis dolor ut aut alias perferendis exercitationem libero.', 'http://lorempixel.com/640/480/', '2021-05-22 11:19:54', 'ea-sunt-quo-inventore-repudiandae-velit-numquam-pariatur-corporis-sed-quia-et', 0, 152),
(255, 'Praesentium ut tempore ea et id.', 'Aut sed laudantium nobis adipisci sapiente harum odio ullam. Eum molestiae saepe labore quisquam doloremque. Quos adipisci nulla quae ut suscipit. Et saepe labore rerum eaque neque vitae et.', 'http://lorempixel.com/640/480/', '2021-07-01 18:57:05', 'praesentium-ut-tempore-ea-et-id', 0, 170),
(256, 'Sunt aut sequi minima dolores officia voluptatibus.', 'Dolores error quasi voluptas cupiditate. Error non soluta aut fugit dignissimos ex voluptatem. Debitis temporibus odit vel deleniti impedit.', 'http://lorempixel.com/640/480/', '2021-07-04 21:35:14', 'sunt-aut-sequi-minima-dolores-officia-voluptatibus', 1, 211),
(257, 'Eligendi voluptas sed error nesciunt repudiandae enim dolore.', 'Delectus quae ullam deserunt. Velit qui sint necessitatibus non tempore asperiores. Sit numquam qui quae. Asperiores libero explicabo ut ipsam.', 'http://lorempixel.com/640/480/', '2021-07-30 03:53:58', 'eligendi-voluptas-sed-error-nesciunt-repudiandae-enim-dolore', 1, 41),
(258, 'Praesentium at quo quae consequuntur est error eum.', 'Quis eius quo porro non dicta quam maxime. Est et et totam eius. Id ea expedita tempora. Porro eligendi eligendi dolorum.', 'http://lorempixel.com/640/480/', '2021-07-11 22:59:46', 'praesentium-at-quo-quae-consequuntur-est-error-eum', 0, 186),
(259, 'Nesciunt ipsum qui perferendis dolores nihil optio qui sunt placeat.', 'Labore quos earum ut sequi rerum. Quisquam ut nemo tenetur ad non. Nihil enim aut voluptatem quisquam distinctio eum esse unde. Non et nobis officia adipisci qui.', 'http://lorempixel.com/640/480/', '2021-07-08 16:13:40', 'nesciunt-ipsum-qui-perferendis-dolores-nihil-optio-qui-sunt-placeat', 1, 202),
(260, 'Aliquid expedita quaerat aut possimus voluptas quasi quibusdam.', 'Non odio aut nam dignissimos non et quia. Voluptatem rerum ipsa earum ut in. Qui corporis aut ut sapiente quo nihil.', 'http://lorempixel.com/640/480/', '2021-09-16 06:44:51', 'aliquid-expedita-quaerat-aut-possimus-voluptas-quasi-quibusdam', 1, 150),
(261, 'Et ad nihil animi exercitationem vitae et magni.', 'Sint aliquid eius ut sint quae. Qui eos consequatur autem sunt placeat ut ut. Voluptatem distinctio perferendis sit laborum nam assumenda repellendus. Cumque et distinctio nihil voluptatem eos.', 'http://lorempixel.com/640/480/', '2021-09-01 01:34:52', 'et-ad-nihil-animi-exercitationem-vitae-et-magni', 1, 144),
(262, 'Laborum mollitia aut debitis assumenda quisquam facere ut vel.', 'At dolores commodi quia explicabo ut id et voluptas. Vel et sed qui est qui. Aperiam voluptate quas voluptatem delectus et.', 'http://lorempixel.com/640/480/', '2021-04-30 16:48:49', 'laborum-mollitia-aut-debitis-assumenda-quisquam-facere-ut-vel', 1, 39),
(263, 'Possimus voluptatem molestiae sapiente numquam fugit quidem id consequatur.', 'Nemo et corporis ut laboriosam atque magni ullam. Eveniet voluptates omnis autem autem facilis dolor assumenda sint. Debitis porro porro eum est debitis enim.', 'http://lorempixel.com/640/480/', '2021-04-29 13:14:01', 'possimus-voluptatem-molestiae-sapiente-numquam-fugit-quidem-id-consequatur', 0, 129),
(264, 'Qui reiciendis veritatis id ut.', 'Exercitationem esse odio reiciendis in fugiat incidunt. Maxime aut aut et rerum repellendus explicabo. Iste voluptatibus veniam asperiores enim vel ut eos eum.', 'http://lorempixel.com/640/480/', '2021-09-02 17:34:42', 'qui-reiciendis-veritatis-id-ut', 1, 74),
(265, 'Rerum in earum vel deleniti laboriosam velit distinctio voluptate facere.', 'Eos architecto beatae provident illum nostrum sint dolorum. Id sit aspernatur enim fuga.', 'http://lorempixel.com/640/480/', '2021-10-05 15:45:58', 'rerum-in-earum-vel-deleniti-laboriosam-velit-distinctio-voluptate-facere', 0, 197),
(266, 'Aliquid pariatur est temporibus aut repudiandae consequatur velit.', 'Natus sequi quia vel soluta. Dolore alias aut fugiat maiores vel inventore eius quidem. Laboriosam magni recusandae ipsa minima. Iusto dolorem exercitationem quia quaerat ut dolor.', 'http://lorempixel.com/640/480/', '2021-06-09 10:09:09', 'aliquid-pariatur-est-temporibus-aut-repudiandae-consequatur-velit', 1, 170),
(267, 'Commodi quasi ipsam mollitia occaecati architecto et qui ab.', 'Repellendus quis maiores culpa voluptatem et eum. Reprehenderit incidunt saepe eos distinctio quia. Quis delectus sed ratione porro enim dolor tempore.', 'http://lorempixel.com/640/480/', '2021-05-16 15:13:07', 'commodi-quasi-ipsam-mollitia-occaecati-architecto-et-qui-ab', 0, 161),
(268, 'Quidem et quidem eos voluptatum atque.', 'A odit cum et aut aut. Sed distinctio reiciendis perferendis culpa qui laudantium voluptates. Libero nihil nemo dolorem qui est. Consequuntur rerum consequatur debitis.', 'http://lorempixel.com/640/480/', '2021-05-29 13:31:48', 'quidem-et-quidem-eos-voluptatum-atque', 1, 36),
(269, 'Nemo voluptatem praesentium natus incidunt minus dicta.', 'Velit voluptatem recusandae aliquid cupiditate facere. Est atque officia quas illum. Enim praesentium rerum qui nulla.', 'http://lorempixel.com/640/480/', '2021-04-18 16:40:40', 'nemo-voluptatem-praesentium-natus-incidunt-minus-dicta', 0, 116),
(270, 'Omnis earum accusantium rem error aspernatur similique.', 'Quis et qui qui nesciunt suscipit velit. Modi voluptate distinctio vitae reprehenderit consequatur. Rerum cum corporis ipsam quos.', 'http://lorempixel.com/640/480/', '2021-09-26 04:03:16', 'omnis-earum-accusantium-rem-error-aspernatur-similique', 1, 158),
(271, 'Dolores modi enim suscipit vel velit voluptatibus dolores est quidem sed aliquam.', 'Nulla repellendus ea iste. Qui quia qui earum fugit excepturi. Velit sequi accusantium quo exercitationem molestias sequi. Est repellendus deserunt sunt eligendi.', 'http://lorempixel.com/640/480/', '2021-08-17 03:17:08', 'dolores-modi-enim-suscipit-vel-velit-voluptatibus-dolores-est-quidem-sed-aliquam', 1, 213),
(272, 'Consequatur libero sunt qui libero quae voluptatum.', 'Temporibus sunt sint saepe asperiores ipsum. Voluptatem vel sunt dolorum est qui dicta. At vel iste pariatur voluptatum deleniti modi.', 'http://lorempixel.com/640/480/', '2021-06-03 11:18:12', 'consequatur-libero-sunt-qui-libero-quae-voluptatum', 1, 72),
(273, 'Explicabo voluptatum minus et accusamus perferendis tempore eos vel.', 'Inventore pariatur quas labore qui. Placeat voluptatem quia atque enim. Natus sunt beatae error nesciunt perferendis. Fugit aut ut mollitia quae sed.', 'http://lorempixel.com/640/480/', '2021-09-20 23:49:26', 'explicabo-voluptatum-minus-et-accusamus-perferendis-tempore-eos-vel', 0, 102),
(274, 'Provident aliquam est et illum beatae.', 'Error cumque ut nostrum eveniet cumque. Facere sint qui cupiditate eaque quidem. Blanditiis vel quod corrupti cumque.', 'http://lorempixel.com/640/480/', '2021-05-28 22:13:57', 'provident-aliquam-est-et-illum-beatae', 1, 162),
(275, 'Dolor ducimus delectus numquam eos doloribus.', 'Laborum commodi voluptatem ullam consequatur ipsam inventore. Ut ut molestiae velit velit. Sit voluptatibus possimus hic molestias veritatis. Est earum voluptatibus eius perspiciatis error a unde.', 'http://lorempixel.com/640/480/', '2021-05-24 13:48:15', 'dolor-ducimus-delectus-numquam-eos-doloribus', 0, 67),
(276, 'Molestiae cupiditate numquam impedit ut veniam.', 'Accusantium tempore ut vel. Deleniti vitae qui eos et.', 'http://lorempixel.com/640/480/', '2021-05-14 08:51:32', 'molestiae-cupiditate-numquam-impedit-ut-veniam', 1, 166),
(277, 'Perferendis quod enim repellendus in excepturi ut minima.', 'Delectus quas qui magni dignissimos voluptatem occaecati atque. Et consectetur corrupti harum dignissimos. Voluptatem est commodi qui quisquam. Blanditiis fuga molestiae nobis quo rem nulla.', 'http://lorempixel.com/640/480/', '2021-06-05 00:52:59', 'perferendis-quod-enim-repellendus-in-excepturi-ut-minima', 1, 20),
(278, 'Rerum sint porro tenetur animi debitis quibusdam earum maxime suscipit aut culpa sed.', 'Velit qui reiciendis est dolorem. Id eum atque quaerat quibusdam rerum odit.', 'http://lorempixel.com/640/480/', '2021-06-04 21:06:31', 'rerum-sint-porro-tenetur-animi-debitis-quibusdam-earum-maxime-suscipit-aut-culpa-sed', 0, 135),
(279, 'Omnis dolorem et libero impedit inventore voluptates asperiores error odit nostrum veritatis vel ut.', 'Non voluptatem eaque aut esse. Quibusdam sed odio autem nobis. Consequatur aliquid et alias quos velit. Et et praesentium ad id quo tempore. Aut suscipit eum unde id necessitatibus ratione.', 'http://lorempixel.com/640/480/', '2021-06-04 21:33:04', 'omnis-dolorem-et-libero-impedit-inventore-voluptates-asperiores-error-odit-nostrum-veritatis-vel-ut', 0, 80),
(280, 'Velit quasi ut inventore quasi debitis non et aliquid.', 'Illum doloribus et beatae omnis. Earum blanditiis ratione magni molestiae rem. Quia minus animi incidunt et earum. Reiciendis amet placeat optio non dolores eum.', 'http://lorempixel.com/640/480/', '2021-06-11 15:09:58', 'velit-quasi-ut-inventore-quasi-debitis-non-et-aliquid', 1, 86),
(281, 'Molestiae facilis tempora ut accusamus voluptates debitis deserunt aperiam molestias.', 'Repudiandae ducimus odio quaerat ipsum. Voluptatem ratione dicta quaerat at sunt nihil. Error qui quisquam ut quia rem dicta dolorem ipsam.', 'http://lorempixel.com/640/480/', '2021-05-06 04:27:58', 'molestiae-facilis-tempora-ut-accusamus-voluptates-debitis-deserunt-aperiam-molestias', 1, 132),
(282, 'Est aliquid necessitatibus molestiae et distinctio aut exercitationem.', 'A laborum earum itaque nihil. Molestias non qui repellendus occaecati debitis. Unde id sunt facilis voluptatem consequatur sit sint. Optio cum magnam est asperiores nihil voluptas dolores.', 'http://lorempixel.com/640/480/', '2021-04-23 02:03:47', 'est-aliquid-necessitatibus-molestiae-et-distinctio-aut-exercitationem', 0, 195),
(283, 'Magnam autem consequatur iusto repudiandae animi.', 'Velit ipsum saepe ipsa velit voluptatem aliquid ipsa. Praesentium ratione accusantium esse error voluptate asperiores. Et id nesciunt ullam voluptatum sapiente ea asperiores.', 'http://lorempixel.com/640/480/', '2021-09-25 15:58:02', 'magnam-autem-consequatur-iusto-repudiandae-animi', 1, 202),
(284, 'Maiores itaque ipsam tempore occaecati distinctio numquam architecto.', 'Est sed aut in quo consequatur. Officia asperiores nemo et exercitationem. Soluta ut harum dicta et expedita aut aut. Incidunt non accusamus sit ratione veritatis.', 'http://lorempixel.com/640/480/', '2021-06-21 20:58:23', 'maiores-itaque-ipsam-tempore-occaecati-distinctio-numquam-architecto', 0, 201),
(285, 'Expedita quae unde in hic quas placeat delectus.', 'Quisquam eius quia et eum autem. Ipsam non officia sit esse et ut. Suscipit et modi consectetur consequatur modi sed.', 'http://lorempixel.com/640/480/', '2021-08-28 04:51:01', 'expedita-quae-unde-in-hic-quas-placeat-delectus', 0, 43),
(286, 'Commodi architecto atque perferendis est perferendis iusto voluptatem omnis necessitatibus.', 'Quis exercitationem est vel et eum voluptate. Asperiores iure atque qui consequatur. Accusantium quae perspiciatis et porro.', 'http://lorempixel.com/640/480/', '2021-07-25 13:30:26', 'commodi-architecto-atque-perferendis-est-perferendis-iusto-voluptatem-omnis-necessitatibus', 1, 59),
(287, 'Ullam et officia error quidem culpa qui repellendus.', 'Esse ipsam sint qui temporibus. Dolor quisquam maxime soluta odio velit. Provident voluptatibus dolorem repellat odio voluptas. Laborum officiis est nulla excepturi.', 'http://lorempixel.com/640/480/', '2021-09-13 16:42:55', 'ullam-et-officia-error-quidem-culpa-qui-repellendus', 1, 147),
(288, 'Illum et delectus ipsam mollitia maiores necessitatibus natus necessitatibus.', 'Nemo ut magnam alias aspernatur et. Eius a nulla sed. Aliquam dolores hic doloribus aut pariatur nam mollitia sit.', 'http://lorempixel.com/640/480/', '2021-10-03 00:17:18', 'illum-et-delectus-ipsam-mollitia-maiores-necessitatibus-natus-necessitatibus', 0, 212),
(289, 'A omnis corrupti ratione quae accusantium aut harum aliquid tenetur id.', 'Ratione temporibus explicabo dolores. Maiores ea laborum dolore velit. Porro ut autem amet non sunt quaerat. Libero porro adipisci accusamus magni mollitia.', 'http://lorempixel.com/640/480/', '2021-07-03 02:57:15', 'a-omnis-corrupti-ratione-quae-accusantium-aut-harum-aliquid-tenetur-id', 0, 66),
(290, 'Modi et molestiae sunt quia.', 'Officiis et soluta fugiat ratione libero suscipit magnam. Amet esse commodi nemo eum est. Suscipit earum quia qui debitis provident tempora fugit. Vero fugiat fuga impedit quidem.', 'http://lorempixel.com/640/480/', '2021-09-09 00:25:49', 'modi-et-molestiae-sunt-quia', 1, 74),
(291, 'Vel eum atque incidunt molestias odit in.', 'Fugit maxime voluptas expedita rerum consectetur explicabo. Similique voluptate et aperiam rerum error tempora illum ad.', 'http://lorempixel.com/640/480/', '2021-08-04 07:14:14', 'vel-eum-atque-incidunt-molestias-odit-in', 0, 37);
INSERT INTO `projets` (`id`, `titre`, `content`, `image`, `creation`, `slug`, `statut`, `auteur`) VALUES
(292, 'Nobis laboriosam qui fugiat corporis enim accusantium eaque qui aut quas quas.', 'Minus quo aliquam ducimus cumque rerum. Dolor eos et doloribus perspiciatis et et. Consequatur et accusamus ex voluptatem quam. Vitae omnis hic culpa eveniet.', 'http://lorempixel.com/640/480/', '2021-06-08 10:47:12', 'nobis-laboriosam-qui-fugiat-corporis-enim-accusantium-eaque-qui-aut-quas-quas', 0, 26),
(293, 'Laudantium veniam est quia perferendis dolorum.', 'Eveniet suscipit rerum et in maxime. Soluta quia quia et. Qui nulla est modi qui ut consequuntur ipsa ipsam.', 'http://lorempixel.com/640/480/', '2021-09-23 03:51:45', 'laudantium-veniam-est-quia-perferendis-dolorum', 1, 155),
(294, 'Ut quia enim ut eos in labore debitis omnis numquam ratione.', 'Saepe culpa ipsa aut magni ea incidunt eum neque. Eligendi autem harum voluptas voluptatem illum ducimus. Culpa aut consequuntur omnis laborum voluptatem odio veniam.', 'http://lorempixel.com/640/480/', '2021-05-26 04:10:44', 'ut-quia-enim-ut-eos-in-labore-debitis-omnis-numquam-ratione', 1, 193),
(295, 'Voluptatibus et quia repellat recusandae incidunt vero delectus.', 'Veniam sequi ex aliquid enim quidem. Itaque atque sunt atque quia inventore consequatur velit qui.', 'http://lorempixel.com/640/480/', '2021-08-08 14:10:55', 'voluptatibus-et-quia-repellat-recusandae-incidunt-vero-delectus', 0, 59),
(296, 'Reprehenderit esse fugiat quae rerum animi sunt ut et ut veniam blanditiis.', 'Accusamus placeat voluptatem quia. Perferendis ipsam vel officiis nihil doloremque porro. Perspiciatis non sit in facere sed. Dignissimos nam culpa qui dicta voluptas.', 'http://lorempixel.com/640/480/', '2021-07-18 11:50:37', 'reprehenderit-esse-fugiat-quae-rerum-animi-sunt-ut-et-ut-veniam-blanditiis', 0, 143),
(297, 'Distinctio officia id itaque sunt reprehenderit optio numquam quo error.', 'Aperiam qui illum qui distinctio eligendi. Aut corporis sed laudantium saepe. Dolores consequatur porro consequatur facilis officiis aperiam ipsam. Odit dolores aperiam et quisquam.', 'http://lorempixel.com/640/480/', '2021-08-26 03:20:23', 'distinctio-officia-id-itaque-sunt-reprehenderit-optio-numquam-quo-error', 0, 163),
(298, 'Iusto quam fugiat consequatur dolore temporibus molestias magni laboriosam aut.', 'Saepe sit voluptatem iure sit ea saepe. Nisi sint ipsam voluptatum tenetur sed sapiente perspiciatis totam. Sunt iste est omnis sit eum dignissimos.', 'http://lorempixel.com/640/480/', '2021-06-28 14:01:59', 'iusto-quam-fugiat-consequatur-dolore-temporibus-molestias-magni-laboriosam-aut', 0, 59),
(299, 'Id laborum voluptatem hic illo rem.', 'Debitis autem eveniet minima illum labore eum. Voluptatem et ullam delectus aspernatur sequi. Dicta dicta non aut beatae blanditiis.', 'http://lorempixel.com/640/480/', '2021-08-03 02:43:11', 'id-laborum-voluptatem-hic-illo-rem', 1, 105),
(300, 'Fuga animi aut rerum odit odio.', 'Nisi architecto reprehenderit laboriosam voluptatum et aut nulla. Nostrum pariatur molestiae blanditiis nemo cumque suscipit. Quia quis numquam magni rerum qui omnis. Ea ut ipsam et vero quo nulla.', 'http://lorempixel.com/640/480/', '2021-08-03 00:02:16', 'fuga-animi-aut-rerum-odit-odio', 0, 148),
(301, 'Vitae assumenda consequatur consequatur exercitationem optio consequatur rerum consequuntur et ea.', 'Iste est occaecati facere reprehenderit occaecati. Unde earum consectetur sit numquam architecto qui quisquam. Enim vitae dolore fuga aut quia ut.', 'http://lorempixel.com/640/480/', '2021-08-15 02:08:50', 'vitae-assumenda-consequatur-consequatur-exercitationem-optio-consequatur-rerum-consequuntur-et-ea', 0, 93);

-- --------------------------------------------------------

--
-- Structure de la table `roles`
--

DROP TABLE IF EXISTS `roles`;
CREATE TABLE IF NOT EXISTS `roles` (
  `id` int NOT NULL AUTO_INCREMENT,
  `role` varchar(30) CHARACTER SET utf8mb4 COLLATE utf8mb4_0900_ai_ci NOT NULL,
  `statut` tinyint(1) NOT NULL,
  PRIMARY KEY (`id`)
) ENGINE=InnoDB AUTO_INCREMENT=5 DEFAULT CHARSET=utf8mb4 COLLATE=utf8mb4_0900_ai_ci;

--
-- Déchargement des données de la table `roles`
--

INSERT INTO `roles` (`id`, `role`, `statut`) VALUES
(1, 'admin', 1),
(2, 'moderateur', 1),
(3, 'user', 1),
(4, 'validateur', 0);

-- --------------------------------------------------------

--
-- Structure de la table `users`
--

DROP TABLE IF EXISTS `users`;
CREATE TABLE IF NOT EXISTS `users` (
  `id` int UNSIGNED NOT NULL AUTO_INCREMENT,
  `email` varchar(100) CHARACTER SET utf8mb4 COLLATE utf8mb4_0900_ai_ci NOT NULL,
  `password` varchar(255) NOT NULL,
  `pseudo` varchar(30) NOT NULL,
  `roles` json NOT NULL,
  PRIMARY KEY (`id`),
  UNIQUE KEY `id` (`id`),
  UNIQUE KEY `email` (`email`),
  UNIQUE KEY `pseudo` (`pseudo`)
) ENGINE=InnoDB AUTO_INCREMENT=214 DEFAULT CHARSET=utf8mb4 COLLATE=utf8mb4_0900_ai_ci;

--
-- Déchargement des données de la table `users`
--

INSERT INTO `users` (`id`, `email`, `password`, `pseudo`, `roles`) VALUES
(1, 'checkmann.corentin@gmail.com', '$2y$10$hhLtYKJSraVJVzt94HaFsuwIC0GNWuLmLgT.t3tCu.IpzcopsFh8q', 'kor', '[\"ROLE_USER\", \"ROLE_ADMIN\"]'),
(3, 'c@g.fr', '$2y$10$/ffdLzNAoSl6aDzs9qRrbevpmKSmd4vnJyvplqTrIJMlf7/dA5UZC', 'trobi1', '[\"ROLE_USER\"]'),
(14, 'fschmidt@hotmail.com', '$2y$10$fQF85rPzqOBNe6SXmyxrW.HiZOP0E1B5slWwSW0yrNFFbGh0Cefg2', 'fritsch.constantin', '[\"ROLE_MODERATEUR\", \"ROLE_USER\"]'),
(15, 'vida40@hotmail.com', '$2y$10$XgUUtZWbd8jZa0to.ISuP.r0SnP5iw18aPhoKzlEVTLauUXKQRsQC', 'hartmann.maxine', '[\"ROLE_ADMIN\", \"ROLE_MODERATEUR\", \"ROLE_USER\"]'),
(16, 'ezekiel.nader@hotmail.com', '$2y$10$EazyoheLDGMR4MbQXqcDkO.OFcYtlw9I3fG/lIJp5nGZnNCQ5yaS6', 'kennedi.wiza', '[\"ROLE_USER\"]'),
(17, 'rwalter@gmail.com', '$2y$10$mAyXab92EeKYJuQGdPyyheDFUg6hHr2JPxoyT37W1WAi7YdPLaykS', 'mayer.myra', '[\"ROLE_USER\"]'),
(18, 'kunde.juvenal@yahoo.com', '$2y$10$IiHaG/gjMuDdYQCLqGrUf.JxMp6FBhpY3XGwG.Z4r60Oj8B/C8phi', 'rhintz', '[\"ROLE_USER\"]'),
(19, 'pearl26@yahoo.com', '$2y$10$13jrhHtrQRLpP3o1VIi0lOTW1wxLAAG1aJYgvuIKUk0JUS0Zyw9bi', 'flatley.emerald', '[\"ROLE_MODERATEUR\", \"ROLE_USER\"]'),
(20, 'cortez75@hotmail.com', '$2y$10$4wJ47xYo4583SVtycRlbY.6FPqov2FbIPhB4wH3jzpniQpLVL/gLu', 'ewilliamson', '[\"ROLE_USER\"]'),
(21, 'vschinner@gmail.com', '$2y$10$cZ/jc2xY.oL7Bj2Ji5tSXOuNZYQTkYGpTyIUc/Qsmx8l1O8Pbj3JC', 'prohaska.destany', '[\"ROLE_ADMIN\", \"ROLE_MODERATEUR\", \"ROLE_USER\"]'),
(22, 'oankunding@gmail.com', '$2y$10$v7Ex5ycuw4nyATxqoS69UeZLTa79TCiwewqLWMOh0H2JVkCCBoKi6', 'hudson33', '[\"ROLE_USER\"]'),
(23, 'reichert.jimmy@yahoo.com', '$2y$10$IXjo1SjdK1GozW/NQiTMuu1cdTHuS3i9WQosDVog/E1HCV3PFLsv2', 'aylin.connelly', '[\"ROLE_ADMIN\", \"ROLE_MODERATEUR\", \"ROLE_USER\"]'),
(24, 'pveum@gmail.com', '$2y$10$ucOu0xf1nBMfQclwHw1h8Oyd3yW6xF20hjonCi7r5HzvDQM9acL6i', 'cheathcote', '[\"ROLE_USER\"]'),
(25, 'vlindgren@gmail.com', '$2y$10$mpQ8x.Jwn7SedYOpPvGkWebqa8ZDjhCYWIoSQTHclPbR1dQImnZ3i', 'graham.bertrand', '[\"ROLE_MODERATEUR\", \"ROLE_USER\"]'),
(26, 'corwin.ursula@yahoo.com', '$2y$10$aBKcu.fAvVC9jeoC8QYYO.3GJyW/tNv3NOvTzw2/jBxqZSSGxLTiW', 'oconnell.dovie', '[\"ROLE_USER\"]'),
(27, 'storp@hotmail.com', '$2y$10$VSCAaFGaGRONk0mBZ.U/GOJlcrXEqxRnVam8Agy1BoPreDlLcs7XC', 'denis.flatley', '[\"ROLE_ADMIN\", \"ROLE_USER\"]'),
(28, 'rogers15@yahoo.com', '$2y$10$2G2HVbElWhL/MOmQA9XhyeH0gOelvAxotqNPQeRW9V3uCSohWn6kK', 'swiza', '[\"ROLE_USER\"]'),
(29, 'gino73@yahoo.com', '$2y$10$/XC0QQlKYIRbTPEy0pA7Yed5S9YF8H4km3z0bugGjPavanpJfdMdC', 'mayert.thomas', '[\"ROLE_USER\"]'),
(30, 'jaden.feil@yahoo.com', '$2y$10$zYBow7gYuUO5naH3yLAnmOu4OFz65QKwKWig/bTCKhCfMDVuRskU.', 'hbarrows', '[\"ROLE_USER\"]'),
(31, 'tbrekke@hotmail.com', '$2y$10$aTheqBon4z9LoIdl0E78VOk/Glo21uE3sjqnvHXrB1hlfgIeYklIe', 'madge.cole', '[\"ROLE_ADMIN\", \"ROLE_USER\"]'),
(32, 'macey.schmeler@yahoo.com', '$2y$10$vaktyZnIQZAJQ2eJxQWsteclWW823Pgo3oXtgGD63aZu1/.vOtYdi', 'jodie.dare', '[\"ROLE_ADMIN\", \"ROLE_USER\"]'),
(33, 'murphy.bonnie@yahoo.com', '$2y$10$HpTD0YKoa3b4BlB9gcWkCul7DS9OwhUKp8ZWZfAsXa6TBjO07NR3O', 'gutmann.dean', '[\"ROLE_ADMIN\", \"ROLE_USER\"]'),
(34, 'corkery.beatrice@gmail.com', '$2y$10$dGDgGzpikJ/Klc5IYiCRquM/uWcal0xk9Hh0WjwMRUEwCizNdaFoe', 'sjacobs', '[\"ROLE_ADMIN\", \"ROLE_USER\"]'),
(35, 'wolff.annie@yahoo.com', '$2y$10$SN5zza1mi7NcH7fr.KtxHeqS4OeKM9DpHtHpbiqEmoJDtVFE.wXRO', 'hertha.emmerich', '[\"ROLE_ADMIN\", \"ROLE_USER\"]'),
(36, 'pattie68@gmail.com', '$2y$10$p/Q3E3YJ3tVcydBA2agFFe2XfMfFl3692ritK74P0fAiGfE6vyo.y', 'kathryn21', '[\"ROLE_USER\"]'),
(37, 'grover.lubowitz@hotmail.com', '$2y$10$ai3JyK1EWRbsqeD967gv2OCQc7txPu/ekqpX3H.LtQu0zFUukoiI.', 'waelchi.maxine', '[\"ROLE_MODERATEUR\", \"ROLE_USER\"]'),
(38, 'tracey.hettinger@yahoo.com', '$2y$10$ZhfuW28hKinrAikEedkluuMzVhhUniijiMc.fICosyhKvkv1fY5gG', 'valentine.crooks', '[\"ROLE_USER\"]'),
(39, 'ylueilwitz@hotmail.com', '$2y$10$YVT8synXO.CK4qrfsskn/OfVdmCHi2oHbhXH3JXLI3uKHRz398BYe', 'leonora.daugherty', '[\"ROLE_USER\"]'),
(40, 'schumm.deshawn@hotmail.com', '$2y$10$gjCykZwbWTiNRTKeusxEUuLmvxr.fsDNTjioWC4TmpSCYfNQu3M2a', 'watsica.christop', '[\"ROLE_USER\"]'),
(41, 'sandrine.wisoky@gmail.com', '$2y$10$lDhDyb144iyg4s3ji9C/guKw.ZVEwJXmkZXgkkXnEq31.w7p0zqnS', 'fkunde', '[\"ROLE_USER\"]'),
(42, 'marianne.mills@hotmail.com', '$2y$10$6IwaNWnQQI3pTzkWd3wSCeY90W7FJTdHy9DsbIGlUYmX4EHS.axKi', 'murray.isaac', '[\"ROLE_ADMIN\", \"ROLE_USER\"]'),
(43, 'balistreri.mittie@hotmail.com', '$2y$10$R.VbrakBTXbsMzzYUyaanuaHAmzmAe2a8Ii3Xmg9x2Nos1ZQbP6/S', 'klein.betsy', '[\"ROLE_USER\"]'),
(44, 'marshall94@gmail.com', '$2y$10$ipvSSShqazd3IRg9iwulQOQ.FkvaimnW8e6mtz6Ef62p0kKz4R8V2', 'nfay', '[\"ROLE_MODERATEUR\", \"ROLE_USER\"]'),
(45, 'wiegand.arnoldo@gmail.com', '$2y$10$DJdGumel.jOs5ktDRPTrpuspd73e5tsAmEJsjrIqDY80a8Z4rjP5m', 'rossie18', '[\"ROLE_MODERATEUR\", \"ROLE_USER\"]'),
(46, 'efeeney@hotmail.com', '$2y$10$nz1ZPfHE5EJ0ae1e6nsRhutpzxivImMbNA7LzX1E53pIS3rn9yRd2', 'kirsten.fadel', '[\"ROLE_USER\"]'),
(47, 'rubye48@hotmail.com', '$2y$10$H31yzsLXkPl9Cp2VEz5W9OfE4iAMPPeLJ32wFtsa0pH9MjW.5PXaW', 'pacocha.therese', '[\"ROLE_MODERATEUR\", \"ROLE_USER\"]'),
(48, 'miguel00@gmail.com', '$2y$10$A3uIHgpvvvjg78Cdov0vPueW9OIGjyCcyZAo./aQQdg/7BY9BZKVu', 'stanford11', '[\"ROLE_ADMIN\", \"ROLE_MODERATEUR\", \"ROLE_USER\"]'),
(49, 'eulalia.prohaska@hotmail.com', '$2y$10$e2NTH3GUUqiSlAYwqqT.y.vBwCuhysLO8DDnQZw/CIoNI4HTxtqI2', 'sabryna.roberts', '[\"ROLE_USER\"]'),
(50, 'garry.weber@yahoo.com', '$2y$10$8cbr.GsUWc6L1YS5zZNsluXd0hgJGiCDRFOEthSgw1a401/S7jsty', 'uharris', '[\"ROLE_USER\"]'),
(51, 'israel63@gmail.com', '$2y$10$l.Wi.F5dX/YbFixvxspFoe0E8.9ulZkxgXtC55EBfNDVTsFQ.Eqna', 'uwitting', '[\"ROLE_MODERATEUR\", \"ROLE_USER\"]'),
(52, 'micah.christiansen@yahoo.com', '$2y$10$DxVCDdAy5aCNeTCiaQ7bROr60CMbswnwEYXYhT74CzHUOpxUC6h7m', 'richard.wilkinson', '[\"ROLE_MODERATEUR\", \"ROLE_USER\"]'),
(53, 'camilla40@yahoo.com', '$2y$10$9A9YodNCR87MjqNiQtGKpOYaWEndvA/uDiTt6NVXfAHEa/pNPRJay', 'jany22', '[\"ROLE_ADMIN\", \"ROLE_USER\"]'),
(54, 'donnelly.anibal@yahoo.com', '$2y$10$fUpHlAvd5WGR1AaxiCoYEOkELdGu3qyWHqQQpvACIOU0GHboR1.QK', 'jfritsch', '[\"ROLE_MODERATEUR\", \"ROLE_USER\"]'),
(55, 'ofelia.dicki@hotmail.com', '$2y$10$FlAPkdg74ge4wDRDh9hko.sEoa4VxclXBE7gZ.4B06iRqRZHk2xvK', 'hahn.daija', '[\"ROLE_USER\"]'),
(56, 'ward.lynch@hotmail.com', '$2y$10$j4MtqMLPSi2AaTGDeMQXXOXKUIlpySwuHCZmY/5WcMFzWQtb4XYQC', 'raoul.lehner', '[\"ROLE_USER\"]'),
(57, 'friesen.vernice@gmail.com', '$2y$10$Dq540dtVo1bw/6U.ZGTO4OqkJ.oJMEZ.1hdshFb6SjOqB4TPaIO0C', 'ritchie.bell', '[\"ROLE_MODERATEUR\", \"ROLE_USER\"]'),
(58, 'kraig73@yahoo.com', '$2y$10$ZNFBO3Ja5F4OdbQnwKPdJ.achUoNqGJW1KAdabOKQuiwgBEju3ea6', 'moore.burnice', '[\"ROLE_USER\"]'),
(59, 'rosa34@hotmail.com', '$2y$10$N4vJgaAudCoV0u1JbcW1hehktBlaNlmqBBbKk2zLWVWw6ekaIcfm2', 'alva.balistreri', '[\"ROLE_USER\"]'),
(60, 'macey.leannon@hotmail.com', '$2y$10$ZzUTk2sXWObHtx9HFZ10ruEqI1zVc.3rCiN7OePGybqnQif0WhJK.', 'sreilly', '[\"ROLE_ADMIN\", \"ROLE_MODERATEUR\", \"ROLE_USER\"]'),
(61, 'merlin.bode@yahoo.com', '$2y$10$Ro64QmmlShKwQJ1yULbu1ezEbH8xS5IalAAIOG9Tzsch5OCkHbamy', 'abigayle.okon', '[\"ROLE_ADMIN\", \"ROLE_USER\"]'),
(62, 'hunter.sanford@yahoo.com', '$2y$10$7QITbOaoK21dr6LJgE9x5Odduj4LoxLnev0WCvyL5YnezTghWNihO', 'ylabadie', '[\"ROLE_USER\"]'),
(63, 'pollich.blanca@yahoo.com', '$2y$10$MjjZwY1VgwP7mnocbbosx.yJDGL9Dm4wcuJ03uZ2txyVdDPCakw.a', 'marietta.denesik', '[\"ROLE_ADMIN\", \"ROLE_MODERATEUR\", \"ROLE_USER\"]'),
(64, 'adrienne43@gmail.com', '$2y$10$tmzeATTtu88PJdOFLEmZA.XZ393Et9lBftAut3adeYfrYKgP/DZha', 'ltorp', '[\"ROLE_USER\"]'),
(65, 'lakin.lamont@gmail.com', '$2y$10$YeZrhOalM5h5sgnnT2vAh./K/il3.o25kSG3If4KZVBJ3l6cjqhMC', 'shields.helene', '[\"ROLE_ADMIN\", \"ROLE_MODERATEUR\", \"ROLE_USER\"]'),
(66, 'boehm.else@yahoo.com', '$2y$10$PNIWmhOK2eTajsJf1jOM2eIZ7JQBkAf5JvC5O8IPGjFM7HZOmyqRO', 'benjamin.gleichner', '[\"ROLE_MODERATEUR\", \"ROLE_USER\"]'),
(67, 'amina14@gmail.com', '$2y$10$RyLRBIpYcCvmpil2GvcG3O6jAmwGJ2dFCVnfOLvfiMA/XAMjTOsfW', 'elisa.kuhn', '[\"ROLE_USER\"]'),
(68, 'mccullough.carmen@yahoo.com', '$2y$10$hTNm04A.jtOK6bNf./z1Qu8OwAW16oKWj1UOAaU3oEcSoiQNmq4y.', 'wyundt', '[\"ROLE_USER\"]'),
(69, 'marie.lindgren@yahoo.com', '$2y$10$dEzE5gY94I3cVAIxQSyT9eXQofh7fBmmMQxdp5c2fs8qdJCWdpS1K', 'verlie54', '[\"ROLE_MODERATEUR\", \"ROLE_USER\"]'),
(70, 'strosin.marlee@hotmail.com', '$2y$10$VpMPmTTDaaWArWZG7X4zd.Yp5D/K1L.iUAQqQazG3UF93aGgmPhP6', 'dion37', '[\"ROLE_USER\"]'),
(71, 'alexane12@hotmail.com', '$2y$10$RbtIpakI2k8ydDGGqFpK.Op2vagqVGrjnHlVoW8S8TwA9ebpDwrty', 'trevion.turcotte', '[\"ROLE_USER\"]'),
(72, 'marisa.graham@yahoo.com', '$2y$10$LrtismI4mGMCwYAnurXMUOzl0c2bTPTBMbDvKosJ71YWQ3fPLZaJy', 'qlang', '[\"ROLE_MODERATEUR\", \"ROLE_USER\"]'),
(73, 'welch.dulce@hotmail.com', '$2y$10$AtvhObBNZN/PtOwA37/0VemLPXYlM7Ahwct4qkl.ZQUGPH5Ejc7Hm', 'ruben.kris', '[\"ROLE_ADMIN\", \"ROLE_USER\"]'),
(74, 'eroberts@gmail.com', '$2y$10$V2HgRN6SM6TwPZkISI5pWOud8qPZBqbPDw9az8PHKwcvkHMz5jBje', 'clarabelle19', '[\"ROLE_USER\"]'),
(75, 'ernestina54@gmail.com', '$2y$10$BR3SJWwJje5zgNcGyrTdSOq.gM6hr5mMGn/Q6ooxZUaeNjVtlRQx6', 'pasquale53', '[\"ROLE_USER\"]'),
(76, 'marcus.steuber@hotmail.com', '$2y$10$XAZK3jrIW1lJBX6d3IjchOLzD/GfnFJGEvEQIJXn1qTk656pfbbqC', 'kterry', '[\"ROLE_USER\"]'),
(77, 'meagan41@hotmail.com', '$2y$10$8MTPHsJw8l5iohUgyBoNyO0q0AM.pwHwiqr5JkBy47BI.eU.t6bw6', 'xsteuber', '[\"ROLE_USER\"]'),
(78, 'drake.rice@hotmail.com', '$2y$10$VyWE0zovsKOuBBWDoanmD.PLHiCspVPrQtZKTBeMplrYD.6/dWXc.', 'franecki.emie', '[\"ROLE_USER\"]'),
(79, 'esther52@hotmail.com', '$2y$10$tJjNFep6k9JsmrLPSFoTvuN0O38/xp2DMGD0EduoP4dgIkYvw4n8y', 'joey.murray', '[\"ROLE_MODERATEUR\", \"ROLE_USER\"]'),
(80, 'crystel.parker@yahoo.com', '$2y$10$wAWfRgq50lT3hn5LCMPy8.rySz.M6Ew/8fuQlPJ7ofcdHVSmOwPGe', 'zwiza', '[\"ROLE_ADMIN\", \"ROLE_MODERATEUR\", \"ROLE_USER\"]'),
(81, 'yazmin63@hotmail.com', '$2y$10$XqGMoXqT.8rIefXnUhKKIOi1WorgvIuSdb9tV.RMLaOqoxnBSBpk.', 'abernathy.ariane', '[\"ROLE_USER\"]'),
(82, 'lonny45@yahoo.com', '$2y$10$ngqyMIcJIND9Xy3WycMwIui22a/m2PwBeujf5aISuVGcb8yaT9Zt.', 'daisha06', '[\"ROLE_USER\"]'),
(83, 'pbins@hotmail.com', '$2y$10$nccuBhpDIpiajP61N3GBWezm1dD/Rr6JuXPMyUBy.Xla5ITRDCOjO', 'oswift', '[\"ROLE_MODERATEUR\", \"ROLE_USER\"]'),
(84, 'itorphy@hotmail.com', '$2y$10$W3GlA7BG8nAwZe5DzlG9XODleGc25hxVtOKWakcA7GOBDL5bUGIqm', 'mcclure.maci', '[\"ROLE_MODERATEUR\", \"ROLE_USER\"]'),
(85, 'beer.zachery@gmail.com', '$2y$10$aX1NwQ4VDV5lbiow/d2ZS.tYMa1CwgAnKXEgiKHcGpKKU8Lny7uwa', 'xstehr', '[\"ROLE_MODERATEUR\", \"ROLE_USER\"]'),
(86, 'sienna58@hotmail.com', '$2y$10$gQD.MqzGAODjlQhaoy4TS.qWw2DxHhdAqSb1Q9eCQ7i242LabHgqS', 'gleichner.yasmine', '[\"ROLE_ADMIN\", \"ROLE_USER\"]'),
(87, 'santino36@yahoo.com', '$2y$10$ETWnjuiFhFv.Dty4XbfQa.SBbPPmqLdh63hqPn3nEpHKV7yImj64q', 'psipes', '[\"ROLE_ADMIN\", \"ROLE_USER\"]'),
(88, 'berenice.crist@gmail.com', '$2y$10$7STrvvYAD23LiFFMFUVg6OrZDWgI0tesfTkdNsPQiWNZdKojupgnS', 'gjerde', '[\"ROLE_MODERATEUR\", \"ROLE_USER\"]'),
(89, 'emerson.cassin@yahoo.com', '$2y$10$4dhi2kmyjgioVZ3zqOP2e.xBfYBJrBYjMvUh1DW0RPWiy/4T.MPlu', 'qkassulke', '[\"ROLE_USER\"]'),
(90, 'conroy.armand@hotmail.com', '$2y$10$gE1HCvjwtNC2L9bvJbgK4epfhYgHQHBoZ26Ur2DsW/x2wEJ1Vbb/K', 'fmcdermott', '[\"ROLE_ADMIN\", \"ROLE_USER\"]'),
(91, 'ekris@gmail.com', '$2y$10$ODo.vnKK32Ro3CFuA.J5XemGAY2aVSP0sqaBOfgz2dcPU8eKTHKdi', 'spencer17', '[\"ROLE_ADMIN\", \"ROLE_MODERATEUR\", \"ROLE_USER\"]'),
(92, 'orin44@gmail.com', '$2y$10$GylggFeOjgEf8OvgPFsuVen4C3gkYkBSQ8gWfHskC44YbwRM7pzLy', 'jryan', '[\"ROLE_ADMIN\", \"ROLE_USER\"]'),
(93, 'uledner@yahoo.com', '$2y$10$gpMStdVdoYahEX8cU8YIX.gbsfSHjymoOmU5G4TFbyL5uvlO.NV7O', 'keara45', '[\"ROLE_ADMIN\", \"ROLE_MODERATEUR\", \"ROLE_USER\"]'),
(94, 'bret.ruecker@hotmail.com', '$2y$10$PS93CStXH4qyY6Uk5UobM.cbvh7Skctqj7NcOtZ2ZXzGUE6on5y1O', 'susan.zieme', '[\"ROLE_ADMIN\", \"ROLE_USER\"]'),
(95, 'twila29@yahoo.com', '$2y$10$yeFzcr93V09AGiVVYIhsLO8qljRFoygmvUnjUkww6B8vBrYOvJSGu', 'schowalter.louvenia', '[\"ROLE_ADMIN\", \"ROLE_USER\"]'),
(96, 'larkin.tyrel@yahoo.com', '$2y$10$Fz8LQZc.FBkq3tl.RgzEt.4BD8nCbunLKVFFe/JJQo3pbhfI/laeu', 'veronica28', '[\"ROLE_MODERATEUR\", \"ROLE_USER\"]'),
(97, 'hauck.burdette@yahoo.com', '$2y$10$Jnp5NmSkCR4ncWiTdh0mo.7dcLm59QZavrBg2DC2iHlbE9/Gb7fy2', 'aortiz', '[\"ROLE_MODERATEUR\", \"ROLE_USER\"]'),
(98, 'llynch@gmail.com', '$2y$10$6KVxRKZ9CLgZaHFgk6Z6uuKeoT9FgSqANts9NGIHaJarcGKMczHCm', 'davon.kreiger', '[\"ROLE_USER\"]'),
(99, 'effertz.cordia@hotmail.com', '$2y$10$Fb7vHjPjLAAxp4aYJX8m4.EgYQQYmqzy6X2tyTtfQJHlbuoC07Qe2', 'tatyana.conn', '[\"ROLE_USER\"]'),
(100, 'lacey17@hotmail.com', '$2y$10$vatfp2emGiS7zeu.q.AIouS8mM.2gSCGkBPTjHyEPFC5npfeEeB36', 'elebsack', '[\"ROLE_USER\"]'),
(101, 'reyna.trantow@yahoo.com', '$2y$10$yqrSy7nk/kdcVaKiTVePwOg1cZ0PpTl2Nb7N2vIve2AUozh45AVRK', 'green.dillon', '[\"ROLE_MODERATEUR\", \"ROLE_USER\"]'),
(102, 'flavie56@hotmail.com', '$2y$10$BQ6Ornl4gepEnIcsX72LAeujWyxgE35kiEawMKk1LgERhr/ZcZYI6', 'ykertzmann', '[\"ROLE_ADMIN\", \"ROLE_USER\"]'),
(103, 'hartmann.sandrine@hotmail.com', '$2y$10$bhmq.J1ujUV2GZ58IatZFe3VL98pB3LACcLKKEiqhTMSoaBSzGyrC', 'destiny.bogan', '[\"ROLE_MODERATEUR\", \"ROLE_USER\"]'),
(104, 'may13@yahoo.com', '$2y$10$RfOyc3qESSZPMJIVStnfr.tMahKW7NzrUbuRhCq9gRmuQ6jPFJzYS', 'dach.maymie', '[\"ROLE_USER\"]'),
(105, 'aisha81@hotmail.com', '$2y$10$lZ8U2ebi/GCzRSEX4M/Xg.c0ueWGFVFXBTxZGZnV2rPZTy8HvZW.e', 'zakary17', '[\"ROLE_ADMIN\", \"ROLE_MODERATEUR\", \"ROLE_USER\"]'),
(106, 'wilderman.michaela@hotmail.com', '$2y$10$zEwIHlY2tPXh4sob5khMMOsR3qkhshpKpbLuVxpJe7QEf7YUim6oW', 'federico.kilback', '[\"ROLE_USER\"]'),
(107, 'sheridan.dach@hotmail.com', '$2y$10$bYXCKIY/gtJnz.252tDaxuqxTx5kDGe8V6t7Qv3T5RCrXo/xqR.1W', 'clinton.huels', '[\"ROLE_USER\"]'),
(108, 'aurelia.stark@gmail.com', '$2y$10$pu.UFMN3Vcv0Tb0RFN3YX.sgH8JQi3pW/8ynaGBP9E0cBG/FAEZwO', 'gbaumbach', '[\"ROLE_MODERATEUR\", \"ROLE_USER\"]'),
(109, 'littel.daisha@gmail.com', '$2y$10$b27fWQKeqMRDqtGVZyd7BeyS5.2xVFzZtxoKHPvnXD3UPa7s8c/7C', 'kelley.sawayn', '[\"ROLE_USER\"]'),
(110, 'thelma.hirthe@gmail.com', '$2y$10$7NR.22mC1HYuJBQs4gwVheg8h4r1wQ1Eo2uRFbRr1G3uRwNYhAh2a', 'kertzmann.susan', '[\"ROLE_USER\"]'),
(111, 'rwhite@gmail.com', '$2y$10$HOWQXISIWVouq.BkM8Af0OUEtu9TVoaHEZoan/bxxX6JT0RSUAvp2', 'schmeler.lewis', '[\"ROLE_ADMIN\", \"ROLE_MODERATEUR\", \"ROLE_USER\"]'),
(112, 'kaycee.hegmann@yahoo.com', '$2y$10$n7jQo84yPGT9eN7QMwDZTuz5a.s1T/msrmu0PjfoyMB7G5w/tw8qS', 'alexanne05', '[\"ROLE_USER\"]'),
(113, 'bertrand07@gmail.com', '$2y$10$oAPISkvU6Ev0z3aLF1zfOOMWyF9fCuNJXHiWf3yG4b7fOAFv1Txgy', 'schimmel.josefa', '[\"ROLE_USER\"]'),
(114, 'vincenza.baumbach@gmail.com', '$2y$10$uzme0AlpNzAsZ6a7ceHiqeOrqUT..RiBuZoC0.W7Ay3TpojJgbtSm', 'brennan.senger', '[\"ROLE_MODERATEUR\", \"ROLE_USER\"]'),
(115, 'fgerlach@yahoo.com', '$2y$10$21ukgBBm4Ps8M8uyHoWKuef4iTyaE/JLhhYXX.wVAX0ZkPX9TDI2u', 'gusikowski.alfreda', '[\"ROLE_MODERATEUR\", \"ROLE_USER\"]'),
(116, 'antwan13@yahoo.com', '$2y$10$9aoUceSdna0AdfSCrUOiEulbrqE2.1Ogn2EDGJx/a1QSgGEPEoqnK', 'antwan61', '[\"ROLE_USER\"]'),
(117, 'igorczany@yahoo.com', '$2y$10$wJh.OBZtO58UR1s61q3DxewEcsfy/kFGNtQLA7KkYHFo2xYWJOVA.', 'kkunde', '[\"ROLE_MODERATEUR\", \"ROLE_USER\"]'),
(118, 'dovie.feest@hotmail.com', '$2y$10$X4vfNMFqCXkm6w94/tbcjewkHoh4x6kIyMv5WHireRywviD1rwXXa', 'kris.vilma', '[\"ROLE_MODERATEUR\", \"ROLE_USER\"]'),
(119, 'ksauer@gmail.com', '$2y$10$tAHE9SjS1XUnk5ZWK01xHeByH2PwWUOAHV0TbEWYI5QwPboyjN.aS', 'luella43', '[\"ROLE_MODERATEUR\", \"ROLE_USER\"]'),
(120, 'angeline38@hotmail.com', '$2y$10$Rxb.UBGqOCWpRF6Gugg52uQkr48m.g8a82cEL54DonNGp/eWJD6wm', 'gislason.guy', '[\"ROLE_USER\"]'),
(121, 'bogan.angelica@yahoo.com', '$2y$10$nq6sxJdNa0uoqjLLT7BDa.yudYtHkngGc4UkJNarIZFZqDlyLBC2O', 'aracely.dietrich', '[\"ROLE_USER\"]'),
(122, 'rita.hane@yahoo.com', '$2y$10$yMZN3/ipEALFkpGjruid6Op2DrkiXs.9HUswWe8mgeQ72ljBwHtWG', 'bruce.roob', '[\"ROLE_USER\"]'),
(123, 'chad56@hotmail.com', '$2y$10$y1ArulKS4zT3Elfpo8jmDuzy/1Kg8O4FYy/IdVNz4zpnIfdiitAvK', 'juvenal05', '[\"ROLE_MODERATEUR\", \"ROLE_USER\"]'),
(124, 'kreiger.onie@hotmail.com', '$2y$10$csO181ZCBm3MOT2.TKI0PeZsX0MGbCfoTsM7s4g6Yjo8WhXIgs9bq', 'june47', '[\"ROLE_USER\"]'),
(125, 'keshawn78@yahoo.com', '$2y$10$2nmGqIAIlR2vsr9WrwSghulBu6hD7O6IZ4A12akFTBjaxVuUhiSoe', 'patrick20', '[\"ROLE_USER\"]'),
(126, 'kimberly37@hotmail.com', '$2y$10$Jocmv4liW8Px23Va7Pz.xONMO/6.6fS4SSnUseJQiStDeKYfouQVu', 'krajcik.tierra', '[\"ROLE_MODERATEUR\", \"ROLE_USER\"]'),
(127, 'mitchell.ayla@hotmail.com', '$2y$10$J3F2IjM75gMPnU.TTYdGjuRLl.PXdqkJN0LCgoqvAUp75OAFFjXfe', 'carmstrong', '[\"ROLE_USER\"]'),
(128, 'sschneider@yahoo.com', '$2y$10$bWlk1/AX/BvMrnWvvQk.cOyNGYqmEoOCiZ50ASd6dv9OVrQP5eseS', 'jaycee73', '[\"ROLE_ADMIN\", \"ROLE_USER\"]'),
(129, 'ruby.labadie@yahoo.com', '$2y$10$miXxT8tFLnN18QQokPaC6etn7pKtyoMBQVBmJubD76Jo7ANSO1HMe', 'murray.andreane', '[\"ROLE_USER\"]'),
(130, 'dexter12@hotmail.com', '$2y$10$gafW3GL25Ump9WPhQGuBYe.eIKggqI.xHEiTXHBO/vSEVBcoluFva', 'americo67', '[\"ROLE_USER\"]'),
(131, 'josiah06@gmail.com', '$2y$10$Ra5Dk7zZqfHYMQrjH0Sa.ua8vuP1GCbX9flMq.nRsRVhnAZheCeHy', 'shanna12', '[\"ROLE_USER\"]'),
(132, 'maymie.ferry@yahoo.com', '$2y$10$IxBCWIlr6CAg.SUysk3qqeTVSX/2q6pH8aK2ae/gGDLZMmJtFOIgS', 'jace98', '[\"ROLE_USER\"]'),
(133, 'ykirlin@yahoo.com', '$2y$10$fTqtvUl7JC51v0rF.HAsUOVOOH0B6W6Hf9.baO6/Oo7caf0qGvIcO', 'eldred.gutmann', '[\"ROLE_USER\"]'),
(134, 'lelia73@yahoo.com', '$2y$10$NHBeDW5txeWqlyPHhPbVAepPemiGbLHvwP1BuLK3gTVddXbJjCDe2', 'tbergstrom', '[\"ROLE_MODERATEUR\", \"ROLE_USER\"]'),
(135, 'orville.gutkowski@yahoo.com', '$2y$10$SZknvoKG1hxcPxMxYV.EluX8e7/AMpBOzzuomRDkCsWMR2mu6S0YW', 'jarrod.koss', '[\"ROLE_MODERATEUR\", \"ROLE_USER\"]'),
(136, 'qwillms@yahoo.com', '$2y$10$LicYHewNYqTSa.i4wuwfGOLi/xYrX1OXZrLYW.Qb6Q.ySlwSleyLO', 'lillie65', '[\"ROLE_ADMIN\", \"ROLE_USER\"]'),
(137, 'robin62@gmail.com', '$2y$10$6rurGFi/j/QoL3GrY/refe00I/FDav15WFxQLJwHIRm/GEETCOgIe', 'adell35', '[\"ROLE_ADMIN\", \"ROLE_MODERATEUR\", \"ROLE_USER\"]'),
(138, 'uwaters@yahoo.com', '$2y$10$ENZaHfFOXJTbJ0lc4qp1wew.MAjGOQ.y41X7DBR2Anx9EeoJgBEeO', 'bartell.hazle', '[\"ROLE_USER\"]'),
(139, 'schowalter.emmie@yahoo.com', '$2y$10$V0EbM4jLnM56uBwyZSp5Key8idYO/K6lojhk7z9nuaSYHVJ7jLbxG', 'lilian95', '[\"ROLE_ADMIN\", \"ROLE_USER\"]'),
(140, 'darion.herzog@gmail.com', '$2y$10$heNVfVu3hNzL1kr7kD6Uz.0iEeRcpOKIPpa0cqUzFE.KkgC8su3Gq', 'pete.ernser', '[\"ROLE_MODERATEUR\", \"ROLE_USER\"]'),
(141, 'trisha.halvorson@hotmail.com', '$2y$10$zAm9b2ZOPgKNi8ut3I3X2unef3/gYAqJIEVlwq.dLpOVISAHTRmkK', 'vstrosin', '[\"ROLE_ADMIN\", \"ROLE_MODERATEUR\", \"ROLE_USER\"]'),
(142, 'myrtie.langworth@yahoo.com', '$2y$10$iBi0K8AX7vp1MLqjuPwv7euOynT9gIa.fX0RRZ5Q91RoV7/gO1/zS', 'jeramie41', '[\"ROLE_USER\"]'),
(143, 'nkulas@yahoo.com', '$2y$10$F7VhVzackuBo7ed25GlDXOYCfoON7gYbdeeZrXfGWJGZQ.LXwJYJC', 'ebuckridge', '[\"ROLE_MODERATEUR\", \"ROLE_USER\"]'),
(144, 'hcronin@yahoo.com', '$2y$10$kOMsiGzT6ariNGQyCSp7pe6l4PRET4KJNRxCRlcuNLhypE94cnc66', 'kertzmann.marielle', '[\"ROLE_USER\"]'),
(145, 'osbaldo88@yahoo.com', '$2y$10$tA5T2MRLfkAwbOzNHEs2ze..BWJA9uIx4MQKaov7Hp.nviKmg3x3i', 'otho49', '[\"ROLE_ADMIN\", \"ROLE_MODERATEUR\", \"ROLE_USER\"]'),
(146, 'smith.simone@hotmail.com', '$2y$10$rbCUmGhBFjSVcGX5xc7fhe00ug2JxO2luWEXe2TMKQk91CMsb2dRu', 'neffertz', '[\"ROLE_USER\"]'),
(147, 'myrna93@gmail.com', '$2y$10$pTKS4ecGMnI6cSaD7ELi5eXPJTRVSV6kYO0Lxc1J.xttp3Qua9Vye', 'fhudson', '[\"ROLE_USER\"]'),
(148, 'ova20@hotmail.com', '$2y$10$CF04JvQoRr0O1Je/T7.rj.y7LWV7glxfPZc77Cb2xCSI4LVbIvL16', 'kiana.moore', '[\"ROLE_USER\"]'),
(149, 'burley.eichmann@hotmail.com', '$2y$10$2q2ERYM0Dbr4MJTvvZPbHOJyGefcvb5uzp/XTM/w/87E1rUic.zYy', 'oebert', '[\"ROLE_MODERATEUR\", \"ROLE_USER\"]'),
(150, 'haskell17@hotmail.com', '$2y$10$ciCfQE4Ue0GluXPwOKPQnOZ4ud9b.pQul2EEAsk1Kwj6DlrPJ4Rly', 'schumm.myrl', '[\"ROLE_MODERATEUR\", \"ROLE_USER\"]'),
(151, 'erdman.irving@hotmail.com', '$2y$10$9Y09EZoZYmsAa/qZ.3K1cuTMtMbWlrIZd98QtDlJU.yi0etMzgvU6', 'joy97', '[\"ROLE_USER\"]'),
(152, 'buckridge.selena@yahoo.com', '$2y$10$Zmn6/mRW5OJLpiSb6Oxyy.jr72dtngjj1JdUX9rqs9Dfmakq3TOc6', 'ihirthe', '[\"ROLE_MODERATEUR\", \"ROLE_USER\"]'),
(153, 'estefania.macejkovic@gmail.com', '$2y$10$b/tdrycuK0QVA4C6YMUQiOr5/XxDsQBJqdrA6.wfe10kmu4d0RWVG', 'shamill', '[\"ROLE_USER\"]'),
(154, 'hintz.loma@yahoo.com', '$2y$10$yOw9vOAQ2MvMq9jh3jfIMefEebM0LnHUPkqXpLet.cjVGFMQHZkaq', 'jaleel.goyette', '[\"ROLE_MODERATEUR\", \"ROLE_USER\"]'),
(155, 'gloria71@hotmail.com', '$2y$10$hEvBPIZvkFZkx2KF0dgFS.avqZfaN7jnLTe3OVAj9juVweySOVsQ2', 'maverick89', '[\"ROLE_USER\"]'),
(156, 'wilfred.donnelly@hotmail.com', '$2y$10$DsGl0NWCk27St/fnQ7LfluGLuXCE6aIc1QwxtUoid5EiCPoMtu.7.', 'gschneider', '[\"ROLE_ADMIN\", \"ROLE_USER\"]'),
(157, 'dtorphy@hotmail.com', '$2y$10$IJYdvRBq8YWmaOwj2XjWd.WL5l9kOMWVplC2uKfaVQOgJhbL13Wj.', 'senger.axel', '[\"ROLE_ADMIN\", \"ROLE_MODERATEUR\", \"ROLE_USER\"]'),
(158, 'denesik.priscilla@hotmail.com', '$2y$10$PmHHtTCip6A0TFEHqg5IN.sjC21s6VKA0hZGLjC8S1xOAXNTGZowW', 'garret.block', '[\"ROLE_ADMIN\", \"ROLE_USER\"]'),
(159, 'hauck.angie@gmail.com', '$2y$10$7fmLr5YO9F.igcQDTxBR2OPIP0Ei/LTSenAzczTyHojg/e3In6Pbi', 'general.reynolds', '[\"ROLE_MODERATEUR\", \"ROLE_USER\"]'),
(160, 'ray.upton@hotmail.com', '$2y$10$bdTuYBHebJH4UlwyO4avx.eNILKRLa3cUBDcxT5gxuurOc9AcqHuO', 'virginie74', '[\"ROLE_MODERATEUR\", \"ROLE_USER\"]'),
(161, 'erich.sipes@yahoo.com', '$2y$10$GOdLi7o9lqdNhP7ekxAMw.vsKxoeL9X1f.NJBkxYt1E2AQyNzq.4C', 'bethel.waters', '[\"ROLE_ADMIN\", \"ROLE_USER\"]'),
(162, 'cathryn.swift@gmail.com', '$2y$10$V3J4Gv9aF/jVci9.kXr6K.89C0NjWCw4bT4UywIJRvvptHvNLmQDy', 'dante.schuster', '[\"ROLE_ADMIN\", \"ROLE_MODERATEUR\", \"ROLE_USER\"]'),
(163, 'lydia71@yahoo.com', '$2y$10$ir92xmgPdsiFSBcu5GAzrezaASWwUcENAe07zmwkXoTLFT260TlEO', 'reilly.peggie', '[\"ROLE_ADMIN\", \"ROLE_MODERATEUR\", \"ROLE_USER\"]'),
(164, 'littel.jaylin@gmail.com', '$2y$10$wVfXRW8lbjrXG3MdO3nJ1uD5A0/8dthJzxGZIABwFfmU4Jk2i/.C6', 'melany.carter', '[\"ROLE_MODERATEUR\", \"ROLE_USER\"]'),
(165, 'halvorson.tressie@yahoo.com', '$2y$10$64knA0LCdwcMcoz84aVYue3rP1biy88XrtNGE9DyvsLhvw/PvD82y', 'ward.gideon', '[\"ROLE_ADMIN\", \"ROLE_USER\"]'),
(166, 'konopelski.sarina@yahoo.com', '$2y$10$GjcBgdw8AyJ9Fa2NjWRyGeTlqdeZgXBfOTP6beyM003YyfrUubmAm', 'corwin.joelle', '[\"ROLE_ADMIN\", \"ROLE_MODERATEUR\", \"ROLE_USER\"]'),
(167, 'micaela.johnson@yahoo.com', '$2y$10$9dNW4wJmSfLO55UvGTo9hOLhQPWNdQdKJhZ0BhIQHTMvvSDpp4MrW', 'mary.barton', '[\"ROLE_ADMIN\", \"ROLE_USER\"]'),
(168, 'tressa.zboncak@hotmail.com', '$2y$10$P56XVc96Rnh6rFjwHp0Kie3HnkptmlOCgNA1lq2JfFqT2aVZSdSea', 'adams.desiree', '[\"ROLE_ADMIN\", \"ROLE_USER\"]'),
(169, 'barrett.turner@hotmail.com', '$2y$10$QFEuT93z8oRdUR7j4uyGh.lchcO.YNGptEACEeetOW7VQ.StpH16m', 'elinor.raynor', '[\"ROLE_MODERATEUR\", \"ROLE_USER\"]'),
(170, 'macie.breitenberg@yahoo.com', '$2y$10$iK/.RFVeoadWFBWeYnpXJ.wrzfxbvCsulX9wWSWALenp69qugkB2W', 'ervin06', '[\"ROLE_ADMIN\", \"ROLE_MODERATEUR\", \"ROLE_USER\"]'),
(171, 'bennett.hane@gmail.com', '$2y$10$ygxyTG59rvMdepAct3qDPu29SZrHUCYv3ueBiW/a/lUMo64GL/Vz2', 'rasheed.kiehn', '[\"ROLE_ADMIN\", \"ROLE_USER\"]'),
(172, 'wilbert32@hotmail.com', '$2y$10$Po37Y5sjf/rI7F6ckgfKHOgRDrBVXu.IGRpmVbAhMtI5SU3S6sujq', 'goyette.esperanza', '[\"ROLE_ADMIN\", \"ROLE_USER\"]'),
(173, 'katlyn85@gmail.com', '$2y$10$QenfdmJrVtll88UnO1pG0uaxJibcL8IR9aHPIPE/5kB01BmQJ9uZO', 'hilma.bailey', '[\"ROLE_ADMIN\", \"ROLE_USER\"]'),
(174, 'epowlowski@gmail.com', '$2y$10$cTtWFWuG24hTDszjPPOemeIbPb6x5dl5uKmYRQowtqZSH/qL4DTDC', 'twiegand', '[\"ROLE_USER\"]'),
(175, 'rosario15@hotmail.com', '$2y$10$QJkyEOEukktqGLTOK9C9JOiB4esHrgtfAOAK7N31NC59BSf794Ft6', 'kelly.leannon', '[\"ROLE_ADMIN\", \"ROLE_MODERATEUR\", \"ROLE_USER\"]'),
(176, 'ubaldo.bednar@gmail.com', '$2y$10$fVKdeVmQh8aRDjkt0gDgpeECZn0pgGd8f5bt/8xvCExKKUtECYAPa', 'drohan', '[\"ROLE_USER\"]'),
(177, 'alicia32@hotmail.com', '$2y$10$BDMwlpsl6tvN3fIexiORhe5Q1/Fi7FVqv4LHe5cGMGAidwPl12v/C', 'towne.winfield', '[\"ROLE_ADMIN\", \"ROLE_USER\"]'),
(178, 'eroberts@yahoo.com', '$2y$10$wnLag5H1OqnJ60Z5C60O..FRBU65QPk5tQ8x5aWn1p4GQoJVq6hAq', 'anika.shanahan', '[\"ROLE_USER\"]'),
(179, 'wdare@gmail.com', '$2y$10$PDXdi6FusqCU8Fkyvt9.Qe.Snw6UW94WzX3PBrnsY0cFQFB2EsXeq', 'bspinka', '[\"ROLE_ADMIN\", \"ROLE_USER\"]'),
(180, 'mcclure.sibyl@gmail.com', '$2y$10$C4iV72PJJiFzAEBYQWepaer57Lxen3GOZO9AG/zgY3vEcnjfFjcKK', 'walter.mafalda', '[\"ROLE_MODERATEUR\", \"ROLE_USER\"]'),
(181, 'ewell22@gmail.com', '$2y$10$vICeKdi2B2P/IRIi0zTIFOASntnMZiDIepWSFCRxFAMsDlIgoJCAK', 'waelchi.allene', '[\"ROLE_ADMIN\", \"ROLE_USER\"]'),
(182, 'angeline14@gmail.com', '$2y$10$cSiyB4fNt7Mx5GFFLcjPXOkiBWDsTuXJ3WbZEXi01W/keaLWuivGC', 'gottlieb.erica', '[\"ROLE_USER\"]'),
(183, 'vcrist@yahoo.com', '$2y$10$fHm0eMReImSNMzKvqW1cOuJcYzDHGrKMxOVseKDY/0YqHT1pZtbGy', 'alang', '[\"ROLE_USER\"]'),
(184, 'glover.anderson@yahoo.com', '$2y$10$kt4XQgk0N79D9N9iWbXjzeoHM90dcO4WTQaa459GUErfXY6C04/ki', 'xcartwright', '[\"ROLE_USER\"]'),
(185, 'elliott13@yahoo.com', '$2y$10$WAIYn8IPKV7D7pE4t2V0gO5.w4uduHYeFSl8vfssT4iANhzO2vh66', 'ward.mallie', '[\"ROLE_MODERATEUR\", \"ROLE_USER\"]'),
(186, 'watsica.loraine@hotmail.com', '$2y$10$w0S1LvhQogbuVvjv4zrWUutqfIDsQAuskQry.Z3RzHm1E3iew6IQe', 'dbotsford', '[\"ROLE_USER\"]'),
(187, 'santina79@yahoo.com', '$2y$10$j0eqs89Kj8TnVgvCf90IN.fgB1b.Yueb3BdL/opaqKr6g.I3eZwk.', 'champlin.emanuel', '[\"ROLE_USER\"]'),
(188, 'tamara.hettinger@gmail.com', '$2y$10$owc9IKiMN8Y/4kwbDVXJ/e2wJKOlUG7kToFS3k6wvGeN4OD5b4jK2', 'adicki', '[\"ROLE_USER\"]'),
(189, 'baron25@yahoo.com', '$2y$10$8aRRB4vHNqkQ7cYEevpQMO3.rCuY.7dmtYy02U8IMtBs9Cv5ygBiy', 'veronica74', '[\"ROLE_MODERATEUR\", \"ROLE_USER\"]'),
(190, 'marilie76@gmail.com', '$2y$10$yQMQJsxG0xfyCz8FI5CpA.k/YFlB90ogyzs7mKPq8wVhSHfezPaXe', 'lela.zieme', '[\"ROLE_USER\"]'),
(191, 'clifton.monahan@gmail.com', '$2y$10$ld8BJKSLCQlhhs0wUSxWBufgsFGRY9Q/1yxEUhFU.I.A.Hro4o7Ai', 'bertha14', '[\"ROLE_ADMIN\", \"ROLE_MODERATEUR\", \"ROLE_USER\"]'),
(192, 'wolff.eldred@gmail.com', '$2y$10$cbCgTewfBqnqs/Oy6eSW4ODuu4p.V4N7J3MmHudxfwh2Cpx2Z2Me6', 'schneider.lexi', '[\"ROLE_USER\"]'),
(193, 'kristin56@gmail.com', '$2y$10$Tlv3/JRDxaLCnQzO9tZjHu.Bm/MlqPGj9Fc2qvRWU7ibDHHLWLQ4u', 'earl.roberts', '[\"ROLE_USER\"]'),
(194, 'breitenberg.katelyn@yahoo.com', '$2y$10$SsGrlxZsXerMdKSeNOutVu5m.pBUbKzq5f5SM3Q/XXrUmfj//ar2u', 'tamara78', '[\"ROLE_ADMIN\", \"ROLE_MODERATEUR\", \"ROLE_USER\"]'),
(195, 'goodwin.jody@yahoo.com', '$2y$10$7PDwL24DO1E3lwsOkRInIOeE263/UU7IOWFRKZGOV8xHN2nz6v/yS', 'delpha75', '[\"ROLE_ADMIN\", \"ROLE_USER\"]'),
(196, 'smitham.king@gmail.com', '$2y$10$vL9qsCK2hpSvJOVLsYcQs.qvTECMhSIcjmMfW1uMGtJOC9JA4izxq', 'collin03', '[\"ROLE_ADMIN\", \"ROLE_USER\"]'),
(197, 'thomenick@yahoo.com', '$2y$10$RubzpJQl7EGJ8RbKeVmJwugB9trbCvZXvScHS46LocJ1o9inoqfui', 'enrique.davis', '[\"ROLE_ADMIN\", \"ROLE_USER\"]'),
(198, 'herminio73@hotmail.com', '$2y$10$BLzvjsOK2ejbrtnBPDEGK.QzpvClMADSbrWcUgLOUezFvx7vfhOgO', 'serena03', '[\"ROLE_MODERATEUR\", \"ROLE_USER\"]'),
(199, 'carleton.treutel@hotmail.com', '$2y$10$xOwljJJy2qLGFVgauiy8jOer45T4oXyAh0L.CcyG9raGsM6MXGHe.', 'koch.fiona', '[\"ROLE_ADMIN\", \"ROLE_USER\"]'),
(200, 'gsporer@hotmail.com', '$2y$10$43Xph6.a/aTODlRDuYD2o.f/XO1.2GRuWoN14xQoHpg6Xkd662EC2', 'cesar.brown', '[\"ROLE_USER\"]'),
(201, 'zita70@gmail.com', '$2y$10$e5iDVPOWaEom.hLX5z2QXedP6t0k6s77ZVB1w6xOCcd5N1SIjKNtu', 'mohr.monique', '[\"ROLE_MODERATEUR\", \"ROLE_USER\"]'),
(202, 'becker.tito@gmail.com', '$2y$10$eBWnfVtvn.r/xVO7AuRUb.MFMjncG/.ilEVcRHp5RkBs4xcEWQY8.', 'maya.nienow', '[\"ROLE_USER\"]'),
(203, 'hector.kunze@yahoo.com', '$2y$10$kZk87gyQ29rSjj2QcT3QNuQ6EAox8TyHFqUf3NqRm33sSNSfFOQvW', 'winifred.lynch', '[\"ROLE_MODERATEUR\", \"ROLE_USER\"]'),
(204, 'becker.pablo@hotmail.com', '$2y$10$6cpRtsxNnQCWDyiTcOrrEegRV2OYYduAnzJi5fpwgJG/t2jF4YfIC', 'tillman.ewald', '[\"ROLE_USER\"]'),
(205, 'dewayne.bednar@yahoo.com', '$2y$10$zm8T.KzHoYYRMSH10GT6We1OrTxqiUkb5dbz01vkzbodyWS5h1kmi', 'heather.morar', '[\"ROLE_ADMIN\", \"ROLE_MODERATEUR\", \"ROLE_USER\"]'),
(206, 'feest.jordy@yahoo.com', '$2y$10$d.hkW/FlK5wG0lxX.W9VC.Lf/CsR2Dgt2PTBVo.Xqtk9fa6CvvCFa', 'legros.ole', '[\"ROLE_ADMIN\", \"ROLE_MODERATEUR\", \"ROLE_USER\"]'),
(207, 'norval54@hotmail.com', '$2y$10$oVJQ0dmgkT7.hvSZ3iwnOOr2OWNH59N7x8EyTE64wqjzTbn/bP0pW', 'eturcotte', '[\"ROLE_MODERATEUR\", \"ROLE_USER\"]'),
(208, 'michale62@hotmail.com', '$2y$10$eYIFL/PL4JhCZLOzXxNZ9uw4qjVVU6VR00inEP3YrjbChzKS.utdG', 'ortiz.nettie', '[\"ROLE_MODERATEUR\", \"ROLE_USER\"]'),
(209, 'kerluke.jordyn@yahoo.com', '$2y$10$1FQPLfMXXP83Kq/3hRtLOOQwIOmk4rvpCnbF6HF5iVOxFLMoAnd4C', 'toy.lesly', '[\"ROLE_MODERATEUR\", \"ROLE_USER\"]'),
(210, 'nfritsch@hotmail.com', '$2y$10$MYwwaRIRd/zQyNt4YmrmCerjtqcEGiWJNVaUHs3VPLkhMstvXTWnW', 'jamir50', '[\"ROLE_USER\"]'),
(211, 'murray.sister@gmail.com', '$2y$10$L3HWvXjBD7oTNFCfTWUCwenKAj/ZXAQg1KZPwCO4uBJB7kHVZqfSe', 'rocky.harvey', '[\"ROLE_ADMIN\", \"ROLE_USER\"]'),
(212, 'myriam.kunde@hotmail.com', '$2y$10$hkVVxv0UlZViUU/5mdd9m.6pmVMd3iPcsmwElmnwbvpi6HVAjH8RW', 'devin14', '[\"ROLE_MODERATEUR\", \"ROLE_USER\"]'),
(213, 'ramiro32@yahoo.com', '$2y$10$31IEUG2aM3oh6Ik9pyp.YechWdKkmgRg57MG7ONmoVXVfDci12fku', 'lorna51', '[\"ROLE_USER\"]');

--
-- Contraintes pour les tables déchargées
--

--
-- Contraintes pour la table `commentaires`
--
ALTER TABLE `commentaires`
  ADD CONSTRAINT `commentaires_ibfk_1` FOREIGN KEY (`user`) REFERENCES `users` (`id`),
  ADD CONSTRAINT `commentaires_ibfk_2` FOREIGN KEY (`projet`) REFERENCES `projets` (`id`);

--
-- Contraintes pour la table `projets`
--
ALTER TABLE `projets`
  ADD CONSTRAINT `projets_ibfk_1` FOREIGN KEY (`auteur`) REFERENCES `users` (`id`);
COMMIT;

/*!40101 SET CHARACTER_SET_CLIENT=@OLD_CHARACTER_SET_CLIENT */;
/*!40101 SET CHARACTER_SET_RESULTS=@OLD_CHARACTER_SET_RESULTS */;
/*!40101 SET COLLATION_CONNECTION=@OLD_COLLATION_CONNECTION */;
